time_s,mode,state,bananas_seen,label,det_conf,cls_conf,size_pct,hunger,lr,fb,ud,yaw,battery,brain,escape_dir,loom_l,loom_c,loom_r
8.48,FLYING,SEARCH,0,,,,,100,0,0,0,0,52,ARMING,,0.00,0.00,0.00
8.63,FLYING,SEARCH,0,,,,,100,0,0,0,0,52,ARMING,,0.10,0.07,0.06
8.73,FLYING,SEARCH,0,,,,,100,0,0,0,0,52,ARMING,,0.18,0.14,0.12
8.78,FLYING,SEARCH,0,,,,,100,0,0,0,0,52,ARMING,,0.25,0.20,0.19
8.82,FLYING,SEARCH,0,,,,,100,0,0,0,0,52,ARMING,,0.28,0.23,0.22
8.87,FLYING,SEARCH,0,,,,,100,0,0,0,0,52,ARMING,,0.31,0.26,0.23
8.92,FLYING,SEARCH,0,,,,,100,0,0,0,0,52,ARMING,,0.30,0.28,0.22
8.97,FLYING,SEARCH,0,,,,,100,0,0,0,0,52,ARMING,,0.31,0.29,0.23
9.01,FLYING,SEARCH,0,,,,,100,0,0,0,2,52,ARMING,,0.31,0.31,0.25
9.05,FLYING,SEARCH,0,,,,,100,0,0,0,4,52,ARMING,,0.31,0.32,0.26
9.09,FLYING,SEARCH,0,,,,,100,0,0,0,5,52,ARMING,,0.35,0.31,0.24
9.14,FLYING,SEARCH,0,,,,,100,0,0,0,6,52,ARMING,,0.37,0.30,0.22
9.18,FLYING,SEARCH,0,,,,,100,0,0,0,7,52,ARMING,,0.38,0.30,0.24
9.22,FLYING,SEARCH,0,,,,,100,0,0,0,7,52,ARMING,,0.39,0.30,0.27
9.26,FLYING,SEARCH,0,,,,,100,0,0,0,7,52,ARMING,,0.38,0.31,0.35
9.30,FLYING,SEARCH,0,,,,,100,0,0,0,7,52,ARMING,,0.37,0.34,0.40
9.34,FLYING,SEARCH,0,,,,,100,0,0,0,7,52,ARMING,,0.45,0.36,0.42
9.38,FLYING,SEARCH,0,,,,,100,0,0,0,7,52,ARMING,,1.04,0.86,0.99
9.42,FLYING,SEARCH,0,,,,,100,0,0,0,7,52,ARMING,,1.34,1.11,1.27
9.46,FLYING,SEARCH,0,,,,,100,0,0,0,7,52,ARMING,,0.82,0.71,0.76
9.51,FLYING,SEARCH,0,,,,,100,0,0,0,7,52,ARMING,,0.55,0.50,0.47
9.55,FLYING,SEARCH,0,,,,,100,0,0,0,7,52,ARMING,,0.41,0.39,0.36
9.60,FLYING,SEARCH,0,,,,,100,0,0,0,7,52,ARMING,,0.90,0.74,0.74
9.64,FLYING,SEARCH,0,,,,,100,0,0,0,7,52,ARMING,,1.14,0.91,0.92
9.68,FLYING,SEARCH,0,,,,,100,0,0,0,7,52,ARMING,,0.71,0.57,0.53
9.72,FLYING,SEARCH,0,,,,,100,0,0,0,7,52,ARMING,,0.49,0.40,0.34
9.76,FLYING,SEARCH,0,,,,,100,0,0,0,7,52,ARMING,,0.39,0.33,0.24
9.80,FLYING,SEARCH,0,,,,,100,0,0,0,7,52,ARMING,,0.32,0.30,0.20
9.84,FLYING,SEARCH,0,,,,,100,0,0,0,7,52,ARMING,,0.24,0.23,0.15
9.89,FLYING,SEARCH,0,,,,,100,0,0,0,7,52,ARMING,,0.19,0.19,0.13
9.93,FLYING,SEARCH,0,,,,,100,0,0,0,7,52,ARMING,,0.27,0.16,0.16
9.97,FLYING,SEARCH,0,,,,,100,0,0,0,7,52,ARMING,,0.31,0.15,0.17
10.01,FLYING,SEARCH,0,,,,,100,0,0,0,5,52,ARMING,,0.33,0.18,0.17
10.05,FLYING,SEARCH,0,,,,,100,0,0,0,3,52,ARMING,,0.31,0.19,0.17
10.09,FLYING,SEARCH,0,,,,,100,0,0,0,2,52,ARMING,,0.39,0.19,0.17
10.13,FLYING,SEARCH,0,,,,,100,0,0,0,1,52,ARMING,,0.31,0.21,0.18
10.17,FLYING,SEARCH,0,,,,,100,0,0,0,0,52,ARMING,,0.28,0.22,0.17
10.21,FLYING,SEARCH,0,,,,,100,0,0,0,0,52,ARMING,,0.26,0.20,0.17
10.25,FLYING,SEARCH,0,,,,,100,0,0,0,0,52,ARMING,,0.22,0.19,0.17
10.30,FLYING,SEARCH,0,,,,,100,0,0,0,0,52,ARMING,,0.20,0.19,0.17
10.34,FLYING,SEARCH,0,,,,,100,0,0,0,0,52,ARMING,,0.19,0.21,0.16
10.38,FLYING,SEARCH,0,,,,,100,0,0,0,0,52,ARMING,,0.19,0.22,0.15
10.42,FLYING,SEARCH,0,,,,,100,0,0,0,0,52,ARMING,,0.19,0.21,0.15
10.46,FLYING,SEARCH,0,,,,,100,0,0,0,0,52,CRUISE,,0.19,0.19,0.15
10.64,FLYING,SEARCH,0,,,,,100,0,0,0,0,52,CRUISE,,0.00,0.00,0.00
10.69,FLYING,SEARCH,0,,,,,100,0,0,0,0,52,CRUISE,,0.03,0.12,0.04
10.74,FLYING,SEARCH,0,,,,,100,0,0,0,0,52,CRUISE,,0.10,0.24,0.09
10.80,FLYING,SEARCH,0,,,,,100,0,0,0,0,52,CRUISE,,0.14,0.24,0.15
10.85,FLYING,SEARCH,0,,,,,100,0,0,0,0,52,CRUISE,,0.19,0.23,0.18
10.91,FLYING,SEARCH,0,,,,,100,0,0,0,0,52,CRUISE,,0.25,0.21,0.20
10.96,FLYING,SEARCH,0,,,,,100,0,0,0,0,52,CRUISE,,0.37,0.20,0.22
11.02,FLYING,SEARCH,0,,,,,100,0,0,0,0,52,CRUISE,,0.43,0.20,0.24
11.07,FLYING,SEARCH,0,,,,,100,0,0,0,0,52,CRUISE,,0.38,0.20,0.22
11.12,FLYING,SEARCH,0,,,,,100,0,0,0,0,52,CRUISE,,0.32,0.23,0.20
11.18,FLYING,SEARCH,0,,,,,100,0,0,0,0,52,CRUISE,,0.29,0.25,0.20
11.23,FLYING,SEARCH,0,,,,,100,0,0,0,0,52,CRUISE,,0.28,0.26,0.24
11.29,FLYING,SEARCH,0,,,,,100,0,0,0,0,52,CRUISE,,0.28,0.27,0.26
11.34,FLYING,SEARCH,0,,,,,100,0,0,0,0,52,CRUISE,,0.28,0.27,0.27
11.40,FLYING,SEARCH,0,,,,,100,0,0,0,0,52,CRUISE,,0.27,0.29,0.28
11.45,FLYING,SEARCH,0,,,,,100,0,0,0,0,52,CRUISE,,0.57,0.58,0.76
11.51,FLYING,SEARCH,0,,,,,100,0,0,0,0,52,CRUISE,,0.78,0.73,1.00
11.56,FLYING,SEARCH,0,,,,,100,0,0,0,0,52,CRUISE,,0.87,0.82,0.92
11.62,FLYING,SEARCH,0,,,,,100,0,0,0,0,52,CRUISE,,0.92,0.87,0.81
11.67,FLYING,SEARCH,0,,,,,100,0,0,0,0,52,CRUISE,,0.72,0.46,0.50
11.72,FLYING,SEARCH,0,,,,,100,0,0,0,0,52,CRUISE,,0.62,0.25,0.34
11.78,FLYING,SEARCH,0,,,,,100,0,0,0,0,52,CRUISE,,0.58,0.19,0.26
11.83,FLYING,SEARCH,0,,,,,100,0,0,0,0,52,CRUISE,,0.47,0.15,0.22
11.89,FLYING,SEARCH,0,,,,,100,0,0,0,0,52,CRUISE,,0.41,0.15,0.20
11.94,FLYING,SEARCH,0,,,,,100,0,0,0,0,52,CRUISE,,1.59,0.18,0.16
12.00,FLYING,SEARCH,0,,,,,100,0,0,0,2,52,AVOID_RIGHT,,2.19,0.24,0.14
12.05,FLYING,SEARCH,0,,,,,100,0,0,0,4,52,AVOID_RIGHT,,1.90,0.27,0.13
12.11,FLYING,SEARCH,0,,,,,100,0,0,0,5,52,AVOID_RIGHT,,1.75,0.28,0.09
12.17,FLYING,SEARCH,0,,,,,100,0,0,0,6,52,AVOID_RIGHT,,1.68,0.30,0.06
12.22,FLYING,SEARCH,0,,,,,100,0,0,0,7,52,AVOID_RIGHT,,1.91,0.35,0.59
12.28,FLYING,SEARCH,0,,,,,100,0,0,0,7,52,AVOID_RIGHT,,2.33,0.37,0.85
12.33,FLYING,SEARCH,0,,,,,100,0,0,0,7,52,AVOID_RIGHT,,2.55,0.25,0.49
12.39,FLYING,SEARCH,0,,,,,100,0,0,0,7,52,AVOID_RIGHT,,2.54,0.20,0.29
12.44,FLYING,SCARED,0,,,,,100,0,-40,0,0,52,ESCAPE,RIGHT,2.36,0.26,0.18
12.50,FLYING,SCARED,0,,,,,100,0,-40,0,0,52,ESCAPE,RIGHT,2.00,0.30,0.14
12.55,FLYING,SCARED,0,,,,,100,0,-40,0,0,52,ESCAPE,RIGHT,1.82,0.31,0.14
12.61,FLYING,SCARED,0,,,,,100,0,-40,0,0,52,ESCAPE,RIGHT,1.73,0.32,0.13
12.66,FLYING,SCARED,0,,,,,100,0,-40,0,0,52,ESCAPE,RIGHT,1.68,0.79,0.53
12.72,FLYING,SCARED,0,,,,,100,0,-40,0,0,52,ESCAPE,RIGHT,1.66,1.02,0.76
12.77,FLYING,SCARED,0,,,,,100,0,-40,0,0,52,ESCAPE,RIGHT,1.65,0.96,0.84
12.83,FLYING,SCARED,0,,,,,100,0,-40,0,0,52,ESCAPE,RIGHT,1.68,0.78,0.93
12.88,FLYING,SCARED,0,,,,,100,0,-40,0,0,52,ESCAPE,RIGHT,2.01,0.70,0.98
12.94,FLYING,SCARED,0,,,,,100,0,-40,0,0,52,ESCAPE,RIGHT,2.18,1.02,1.34
12.99,FLYING,SCARED,0,,,,,100,0,-40,0,0,52,ESCAPE,RIGHT,2.00,1.32,1.53
13.05,FLYING,SCARED,0,,,,,100,0,-40,0,0,52,ESCAPE,RIGHT,1.33,1.87,0.84
13.10,FLYING,SCARED,0,,,,,100,0,-40,0,0,52,ESCAPE,RIGHT,1.00,1.74,0.49
13.16,FLYING,SCARED,0,,,,,100,0,-40,0,0,52,ESCAPE,RIGHT,1.01,1.60,0.32
13.21,FLYING,SCARED,0,,,,,100,0,-40,0,0,52,ESCAPE,RIGHT,1.01,1.31,0.28
13.27,FLYING,SCARED,0,,,,,100,0,-40,0,0,52,ESCAPE,RIGHT,0.97,1.16,0.57
13.32,FLYING,SCARED,0,,,,,100,0,-40,0,0,52,ESCAPE,RIGHT,0.95,1.08,0.72
13.38,FLYING,SCARED,0,,,,,100,0,-40,0,0,52,ESCAPE,RIGHT,1.28,0.59,0.46
13.43,FLYING,WAIT,0,,,,,100,0,-26,0,0,52,ESCAPE,RIGHT,1.45,0.33,0.33
13.52,FLYING,WAIT,1,rotten,0.22,0.97,2.2,100,0,-16,0,0,52,ESCAPE,RIGHT,1.39,0.21,0.27
13.61,FLYING,WAIT,1,rotten,0.34,0.87,3.0,100,0,-10,0,0,52,ESCAPE,RIGHT,1.30,0.38,0.29
13.72,FLYING,WAIT,2,rotten,0.64,0.84,4.8,100,0,-7,0,0,52,ESCAPE,RIGHT,1.14,0.46,0.33
13.78,FLYING,WAIT,0,,,,,100,0,-4,0,0,52,ESCAPE,RIGHT,1.06,0.50,0.35
13.83,FLYING,WAIT,0,,,,,100,0,-3,0,0,52,ESCAPE,RIGHT,1.11,0.56,0.36
13.92,FLYING,WAIT,1,rotten,0.29,0.69,5.4,100,0,-1,0,0,52,ESCAPE,RIGHT,1.14,0.59,0.37
13.97,FLYING,WAIT,0,,,,,100,0,-1,0,0,52,ESCAPE,RIGHT,0.93,0.28,0.28
14.03,FLYING,WAIT,0,,,,,100,0,0,0,0,52,ESCAPE,RIGHT,0.83,0.12,0.23
14.08,FLYING,WAIT,0,,,,,100,0,0,0,0,52,ESCAPE,RIGHT,0.96,0.30,0.29
14.14,FLYING,WAIT,0,,,,,100,0,0,0,0,52,ESCAPE,RIGHT,1.02,0.38,0.32
14.22,FLYING,WAIT,1,,,,,100,0,0,0,0,52,ESCAPE,RIGHT,0.74,0.21,0.21
14.28,FLYING,WAIT,0,,,,,100,0,0,0,0,52,CRUISE,,0.59,0.12,0.16
14.33,FLYING,WAIT,0,,,,,100,0,0,0,0,52,CRUISE,,0.51,0.08,0.12
14.39,FLYING,WAIT,0,,,,,100,0,0,0,0,52,CRUISE,,0.47,0.06,0.10
14.44,FLYING,WAIT,0,,,,,100,0,0,0,0,52,CRUISE,,0.46,0.05,0.09
14.50,FLYING,WAIT,0,,,,,100,0,0,0,0,52,CRUISE,,0.42,0.03,0.07
14.55,FLYING,WAIT,0,,,,,100,0,0,0,0,52,CRUISE,,0.44,0.02,0.05
14.64,FLYING,WAIT,1,rotten,0.55,0.91,1.3,100,0,0,0,0,52,CRUISE,,0.52,0.07,0.04
14.72,FLYING,WAIT,1,rotten,0.22,0.90,1.4,100,0,0,0,0,52,CRUISE,,0.59,0.10,0.04
14.78,FLYING,WAIT,0,,,,,100,0,0,0,0,52,CRUISE,,0.77,0.22,0.05
14.83,FLYING,WAIT,0,,,,,100,0,0,0,0,52,CRUISE,,2.01,1.00,0.14
14.89,FLYING,WAIT,0,,,,,100,0,0,0,0,52,AVOID_RIGHT,,4.17,1.75,0.93
14.94,FLYING,WAIT,0,,,,,100,0,0,0,0,52,AVOID_RIGHT,,5.25,2.58,1.32
15.00,FLYING,WAIT,0,,,,,100,0,0,0,0,52,AVOID_RIGHT,,4.32,3.00,1.40
15.05,FLYING,WAIT,0,,,,,100,0,0,0,0,52,AVOID_RIGHT,,3.30,3.69,1.38
15.11,FLYING,WAIT,0,,,,,100,0,0,0,0,52,AVOID_RIGHT,,2.50,4.03,1.04
15.17,FLYING,WAIT,0,,,,,100,0,0,0,0,52,CRUISE,,1.86,3.94,0.87
15.22,FLYING,WAIT,0,,,,,100,0,0,0,0,52,CRUISE,,1.78,2.87,0.85
15.28,FLYING,WAIT,0,,,,,100,0,0,0,0,52,AVOID_LEFT,,2.02,1.68,0.84
15.33,FLYING,WAIT,0,,,,,100,0,0,0,0,52,AVOID_RIGHT,,2.75,1.08,0.69
15.39,FLYING,WAIT,0,,,,,100,0,0,0,0,52,AVOID_RIGHT,,3.12,0.90,0.60
15.44,FLYING,WAIT,0,,,,,100,0,0,0,0,52,AVOID_RIGHT,,3.14,0.81,0.57
15.50,FLYING,WAIT,0,,,,,100,0,0,0,0,52,AVOID_RIGHT,,3.03,0.56,0.62
15.55,FLYING,WAIT,0,,,,,100,0,0,0,0,52,AVOID_RIGHT,,2.82,0.43,0.69
15.61,FLYING,WAIT,0,,,,,100,0,0,0,0,52,AVOID_RIGHT,,2.62,0.74,0.72
15.66,FLYING,WAIT,0,,,,,100,0,0,0,0,52,AVOID_RIGHT,,2.35,0.90,0.74
15.72,FLYING,WAIT,0,,,,,100,0,0,0,0,52,AVOID_RIGHT,,1.95,0.62,0.46
15.78,FLYING,WAIT,0,,,,,100,0,0,0,0,52,AVOID_RIGHT,,1.74,0.48,0.32
15.83,FLYING,WAIT,0,,,,,100,0,0,0,0,52,AVOID_RIGHT,,2.33,0.41,0.25
15.88,FLYING,WAIT,0,,,,,100,0,0,0,0,52,AVOID_RIGHT,,2.63,0.46,0.47
15.94,FLYING,WAIT,0,,,,,100,0,0,0,0,52,AVOID_RIGHT,,2.77,0.48,0.66
16.00,FLYING,WAIT,0,,,,,100,0,0,0,0,52,AVOID_RIGHT,,2.79,0.50,0.76
16.05,FLYING,WAIT,0,,,,,100,0,0,0,0,52,ESCAPE,RIGHT,2.72,0.48,0.78
16.10,FLYING,WAIT,0,,,,,100,0,0,0,0,52,ESCAPE,RIGHT,2.60,0.47,0.47
16.16,FLYING,WAIT,0,,,,,100,0,0,0,0,52,ESCAPE,RIGHT,2.21,0.43,0.32
16.21,FLYING,WAIT,0,,,,,100,0,0,0,0,52,ESCAPE,RIGHT,2.28,0.33,0.21
16.27,FLYING,WAIT,0,,,,,100,0,0,0,0,52,ESCAPE,RIGHT,2.21,0.28,0.15
16.33,FLYING,WAIT,0,,,,,100,0,0,0,0,52,ESCAPE,RIGHT,2.18,0.26,0.13
16.38,FLYING,WAIT,0,,,,,100,0,0,0,0,52,ESCAPE,RIGHT,2.16,0.28,0.16
16.44,FLYING,WAIT,0,,,,,100,0,0,0,0,52,ESCAPE,RIGHT,2.23,0.29,0.17
16.49,FLYING,WAIT,0,,,,,100,0,0,0,0,52,ESCAPE,RIGHT,2.26,0.29,0.17
16.55,FLYING,WAIT,0,,,,,100,0,0,0,0,52,ESCAPE,RIGHT,1.76,0.29,0.16
16.60,FLYING,WAIT,0,,,,,100,0,0,0,0,52,ESCAPE,RIGHT,1.51,0.29,0.20
16.66,FLYING,WAIT,0,,,,,100,0,0,0,0,52,ESCAPE,RIGHT,1.36,0.84,0.75
16.71,FLYING,WAIT,0,,,,,100,0,0,0,0,52,ESCAPE,RIGHT,0.94,1.12,1.02
16.76,FLYING,WAIT,0,,,,,100,0,0,0,0,52,ESCAPE,RIGHT,0.62,0.67,0.70
16.82,FLYING,WAIT,0,,,,,100,0,0,0,0,52,ESCAPE,RIGHT,0.46,0.45,0.49
16.87,FLYING,WAIT,0,,,,,100,0,0,0,0,52,ESCAPE,RIGHT,0.52,0.28,0.33
16.93,FLYING,WAIT,0,,,,,100,0,0,0,0,52,ESCAPE,RIGHT,0.90,0.20,0.25
16.98,FLYING,WAIT,0,,,,,100,0,0,0,0,52,ESCAPE,RIGHT,1.44,0.52,0.45
17.04,FLYING,WAIT,0,,,,,100,0,0,0,0,52,ESCAPE,RIGHT,1.93,0.68,0.55
17.09,FLYING,WAIT,0,,,,,100,0,0,0,0,52,ESCAPE,RIGHT,1.96,0.42,0.41
17.15,FLYING,WAIT,0,,,,,100,0,0,0,0,52,ESCAPE,RIGHT,1.26,0.24,0.28
17.20,FLYING,WAIT,0,,,,,100,0,0,0,0,52,ESCAPE,RIGHT,0.79,0.15,0.22
17.26,FLYING,WAIT,0,,,,,100,0,0,0,0,52,ESCAPE,RIGHT,0.48,0.25,0.17
17.31,FLYING,WAIT,0,,,,,100,0,0,0,0,52,ESCAPE,RIGHT,0.29,0.32,0.17
17.37,FLYING,WAIT,0,,,,,100,0,0,0,0,52,ESCAPE,RIGHT,0.22,0.37,0.18
17.42,FLYING,WAIT,0,,,,,100,0,0,0,0,52,ESCAPE,RIGHT,0.29,0.55,0.22
17.48,FLYING,WAIT,0,,,,,100,0,0,0,0,52,ESCAPE,RIGHT,0.43,1.09,0.74
17.53,FLYING,WAIT,0,,,,,100,0,0,0,0,52,ESCAPE,RIGHT,0.54,1.36,1.02
17.58,FLYING,WAIT,0,,,,,100,0,0,0,0,52,ESCAPE,RIGHT,0.70,1.50,1.32
17.64,FLYING,WAIT,0,,,,,100,0,0,0,0,52,ESCAPE,RIGHT,1.02,1.57,1.47
17.69,FLYING,WAIT,0,,,,,100,0,0,0,0,52,CRUISE,,1.18,1.16,0.83
17.75,FLYING,WAIT,0,,,,,100,0,0,0,0,52,CRUISE,,1.26,0.95,0.51
17.80,FLYING,WAIT,0,,,,,100,0,0,0,0,52,CRUISE,,1.15,0.91,0.52
17.86,FLYING,WAIT,0,,,,,100,0,0,0,0,52,CRUISE,,1.13,0.97,0.54
17.91,FLYING,WAIT,0,,,,,100,0,0,0,0,52,CRUISE,,1.11,1.07,0.57
17.97,FLYING,WAIT,0,,,,,100,0,0,0,0,52,CRUISE,,1.11,1.12,0.59
18.02,FLYING,WAIT,0,,,,,100,0,0,0,0,52,CRUISE,,0.95,0.96,0.64
18.08,FLYING,WAIT,0,,,,,100,0,0,0,0,52,CRUISE,,0.82,0.81,0.86
18.13,FLYING,WAIT,0,,,,,100,0,0,0,0,52,CRUISE,,0.75,0.81,0.98
18.19,FLYING,WAIT,0,,,,,100,0,0,0,0,52,CRUISE,,0.91,0.94,0.87
18.24,FLYING,WAIT,0,,,,,100,0,0,0,0,52,CRUISE,,0.99,1.00,0.68
18.30,FLYING,WAIT,0,,,,,100,0,0,0,0,52,CRUISE,,0.95,0.59,0.42
18.35,FLYING,WAIT,0,,,,,100,0,0,0,0,52,CRUISE,,0.89,0.37,0.29
18.40,FLYING,WAIT,0,,,,,100,0,0,0,0,52,CRUISE,,0.67,0.25,0.26
18.46,FLYING,WAIT,0,,,,,100,0,0,0,0,52,CRUISE,,0.50,0.20,0.24
18.51,FLYING,WAIT,0,,,,,100,0,0,0,0,52,CRUISE,,0.38,0.17,0.16
18.57,FLYING,WAIT,0,,,,,100,0,0,0,0,52,CRUISE,,0.32,0.16,0.12
18.62,FLYING,WAIT,0,,,,,100,0,0,0,0,52,CRUISE,,0.56,0.21,0.47
18.68,FLYING,WAIT,0,,,,,100,0,0,0,0,52,CRUISE,,0.68,0.23,0.64
18.73,FLYING,WAIT,0,,,,,100,0,0,0,0,52,CRUISE,,0.64,0.21,0.48
18.79,FLYING,WAIT,0,,,,,100,0,0,0,0,52,CRUISE,,0.53,0.17,0.37
18.84,FLYING,WAIT,0,,,,,100,0,0,0,0,52,CRUISE,,0.47,0.18,0.31
18.90,FLYING,WAIT,0,,,,,100,0,0,0,0,52,CRUISE,,0.48,0.34,0.61
18.95,FLYING,WAIT,0,,,,,100,0,0,0,0,52,CRUISE,,0.48,0.42,0.77
19.01,FLYING,WAIT,0,,,,,100,0,0,0,0,52,CRUISE,,0.39,0.41,0.60
19.06,FLYING,WAIT,0,,,,,100,0,0,0,0,52,CRUISE,,0.34,0.41,0.51
19.11,FLYING,WAIT,0,,,,,100,0,0,0,0,52,CRUISE,,0.59,0.57,0.66
19.17,FLYING,WAIT,0,,,,,100,0,0,0,0,52,CRUISE,,0.72,0.65,0.74
19.22,FLYING,WAIT,0,,,,,100,0,0,0,0,52,CRUISE,,0.72,0.47,0.70
19.28,FLYING,WAIT,0,,,,,100,0,0,0,0,52,CRUISE,,0.64,0.36,0.64
19.33,FLYING,WAIT,0,,,,,100,0,0,0,0,52,CRUISE,,0.57,0.28,0.40
19.39,FLYING,WAIT,0,,,,,100,0,0,0,0,52,CRUISE,,0.49,0.24,0.29
19.44,FLYING,WAIT,0,,,,,100,0,0,0,0,52,CRUISE,,0.36,0.23,0.32
19.50,FLYING,WAIT,0,,,,,100,0,0,0,0,52,CRUISE,,0.29,0.22,0.34
19.55,FLYING,WAIT,0,,,,,100,0,0,0,0,52,CRUISE,,0.25,0.18,0.35
19.62,FLYING,WAIT,0,,,,,100,0,0,0,0,52,CRUISE,,0.22,0.16,0.36
19.67,FLYING,WAIT,0,,,,,100,0,0,0,0,52,CRUISE,,0.57,0.26,0.52
19.73,FLYING,WAIT,0,,,,,100,0,0,0,0,52,CRUISE,,0.74,0.32,0.61
19.78,FLYING,WAIT,0,,,,,100,0,0,0,0,52,CRUISE,,0.73,0.41,0.71
19.84,FLYING,WAIT,0,,,,,100,0,0,0,0,52,CRUISE,,0.73,0.62,0.83
19.89,FLYING,WAIT,0,,,,,100,0,0,0,0,52,CRUISE,,0.73,0.73,0.89
19.94,FLYING,WAIT,0,,,,,100,0,0,0,0,52,CRUISE,,0.45,0.47,0.58
20.00,FLYING,WAIT,0,,,,,100,0,0,0,0,52,CRUISE,,0.31,0.33,0.41
20.05,FLYING,WAIT,0,,,,,100,0,0,0,0,52,CRUISE,,0.24,0.28,0.33
20.11,FLYING,WAIT,0,,,,,100,0,0,0,0,52,CRUISE,,0.39,0.28,0.29
20.16,FLYING,WAIT,0,,,,,100,0,0,0,0,52,CRUISE,,0.47,0.28,0.26
20.22,FLYING,WAIT,0,,,,,100,0,0,0,0,52,CRUISE,,0.31,0.28,0.25
20.27,FLYING,WAIT,0,,,,,100,0,0,0,0,52,CRUISE,,0.23,0.28,0.24
20.33,FLYING,WAIT,0,,,,,100,0,0,0,0,52,CRUISE,,0.20,0.30,0.24
20.38,FLYING,WAIT,0,,,,,100,0,0,0,0,52,CRUISE,,0.23,0.63,0.84
20.43,FLYING,WAIT,0,,,,,100,0,0,0,0,52,CRUISE,,0.25,0.79,1.13
20.49,FLYING,WAIT,0,,,,,100,0,0,0,0,52,CRUISE,,0.17,0.55,0.66
20.54,FLYING,WAIT,0,,,,,100,0,0,0,0,52,CRUISE,,0.12,0.37,0.42
20.60,FLYING,WAIT,0,,,,,100,0,0,0,0,52,CRUISE,,0.13,0.25,0.30
20.65,FLYING,WAIT,0,,,,,100,0,0,0,0,52,CRUISE,,0.16,0.20,0.22
20.71,FLYING,WAIT,0,,,,,100,0,0,0,0,52,CRUISE,,0.18,0.20,0.18
20.76,FLYING,WAIT,0,,,,,100,0,0,0,0,52,CRUISE,,0.19,0.22,0.16
20.82,FLYING,WAIT,0,,,,,100,0,0,0,0,52,CRUISE,,0.52,0.55,0.40
20.87,FLYING,WAIT,0,,,,,100,0,0,0,0,52,CRUISE,,0.69,0.71,0.52
20.93,FLYING,WAIT,0,,,,,100,0,0,0,0,52,CRUISE,,0.49,0.44,0.38
20.98,FLYING,WAIT,0,,,,,100,0,0,0,0,52,CRUISE,,0.33,0.30,0.29
21.03,FLYING,WAIT,0,,,,,100,0,0,0,0,52,CRUISE,,0.27,0.23,0.24
21.09,FLYING,WAIT,0,,,,,100,0,0,0,0,52,CRUISE,,0.24,0.21,0.21
21.14,FLYING,WAIT,0,,,,,100,0,0,0,0,52,CRUISE,,0.28,0.22,0.20
21.20,FLYING,WAIT,0,,,,,100,0,0,0,0,52,CRUISE,,0.30,0.26,0.20
21.25,FLYING,WAIT,0,,,,,100,0,0,0,0,52,CRUISE,,0.30,0.29,0.21
21.31,FLYING,WAIT,0,,,,,100,0,0,0,0,52,CRUISE,,0.29,0.27,0.20
21.36,FLYING,WAIT,0,,,,,100,0,0,0,0,52,CRUISE,,0.27,0.25,0.19
21.42,FLYING,WAIT,0,,,,,100,0,0,0,0,52,CRUISE,,0.23,0.22,0.18
21.47,FLYING,WAIT,0,,,,,100,0,0,0,0,52,CRUISE,,0.17,0.14,0.16
21.53,FLYING,WAIT,0,,,,,100,0,0,0,0,52,CRUISE,,0.10,0.09,0.12
21.58,FLYING,WAIT,0,,,,,100,0,0,0,0,52,CRUISE,,0.07,0.09,0.10
21.64,FLYING,WAIT,0,,,,,100,0,0,0,0,52,CRUISE,,0.07,0.09,0.09
21.69,FLYING,WAIT,0,,,,,100,0,0,0,0,52,CRUISE,,0.13,0.09,0.09
21.75,FLYING,WAIT,0,,,,,100,0,0,0,0,52,CRUISE,,0.16,0.10,0.26
21.80,FLYING,WAIT,0,,,,,100,0,0,0,0,52,CRUISE,,0.17,0.10,0.41
21.85,FLYING,WAIT,0,,,,,100,0,0,0,0,52,CRUISE,,0.21,0.17,0.52
21.91,FLYING,WAIT,0,,,,,100,0,0,0,0,52,CRUISE,,0.22,0.20,0.58
21.96,FLYING,WAIT,0,,,,,100,0,0,0,0,52,CRUISE,,0.23,0.28,0.65
22.02,FLYING,WAIT,0,,,,,100,0,0,0,0,52,CRUISE,,0.32,0.37,0.88
22.07,FLYING,WAIT,0,,,,,100,0,0,0,0,52,CRUISE,,0.36,0.42,1.00
22.13,FLYING,WAIT,0,,,,,100,0,0,0,0,52,CRUISE,,0.31,0.31,0.55
22.18,FLYING,WAIT,0,,,,,100,0,0,0,0,52,CRUISE,,0.26,0.25,0.32
22.24,FLYING,WAIT,0,,,,,100,0,0,0,0,52,CRUISE,,0.22,0.19,0.24
22.29,FLYING,WAIT,0,,,,,100,0,0,0,0,52,CRUISE,,0.21,0.19,0.21
22.35,FLYING,WAIT,0,,,,,100,0,0,0,0,52,CRUISE,,0.46,0.32,0.34
22.40,FLYING,WAIT,0,,,,,100,0,0,0,0,52,CRUISE,,0.59,0.38,0.41
22.46,FLYING,WAIT,0,,,,,100,0,0,0,0,52,CRUISE,,0.66,0.22,0.34
22.51,FLYING,WAIT,0,,,,,100,0,0,0,0,52,CRUISE,,0.77,0.14,0.30
22.57,FLYING,WAIT,0,,,,,100,0,0,0,0,52,CRUISE,,0.86,0.26,0.73
22.62,FLYING,WAIT,0,,,,,100,0,0,0,0,52,CRUISE,,1.14,0.31,0.95
22.68,FLYING,WAIT,0,,,,,100,0,0,0,0,52,CRUISE,,1.28,0.25,0.57
22.73,FLYING,WAIT,0,,,,,100,0,0,0,0,52,CRUISE,,1.14,0.20,0.37
22.79,FLYING,WAIT,0,,,,,100,0,0,0,0,52,CRUISE,,1.07,0.18,0.46
22.84,FLYING,WAIT,0,,,,,100,0,0,0,0,52,CRUISE,,1.26,0.17,0.50
22.90,FLYING,WAIT,0,,,,,100,0,0,0,0,52,CRUISE,,1.36,0.16,0.34
22.95,FLYING,WAIT,0,,,,,100,0,0,0,0,52,CRUISE,,1.19,0.10,0.23
23.01,FLYING,WAIT,0,,,,,100,0,0,0,0,52,CRUISE,,0.89,0.08,0.20
23.06,FLYING,WAIT,0,,,,,100,0,0,0,0,52,CRUISE,,0.75,0.10,0.14
23.12,FLYING,WAIT,0,,,,,100,0,0,0,0,52,CRUISE,,0.67,0.11,0.10
23.17,FLYING,WAIT,0,,,,,100,0,0,0,0,52,CRUISE,,0.62,0.09,0.08
23.23,FLYING,WAIT,0,,,,,100,0,0,0,0,52,CRUISE,,0.60,0.07,0.07
23.28,FLYING,WAIT,0,,,,,100,0,0,0,0,52,CRUISE,,0.68,0.35,0.25
23.34,FLYING,WAIT,0,,,,,100,0,0,0,0,52,CRUISE,,0.72,0.49,0.34
23.39,FLYING,WAIT,0,,,,,100,0,0,0,0,52,CRUISE,,0.44,0.32,0.30
23.45,FLYING,RETURN,0,,,,,100,0,4,0,0,52,CRUISE,,0.30,0.19,0.22
23.50,FLYING,RETURN,0,,,,,100,0,6,0,0,52,CRUISE,,0.39,0.13,0.18
23.56,FLYING,RETURN,0,,,,,100,0,8,0,0,52,CRUISE,,0.62,0.15,0.54
23.61,FLYING,RETURN,0,,,,,100,0,9,0,0,52,CRUISE,,0.94,0.25,0.74
23.67,FLYING,RETURN,0,,,,,100,0,10,0,0,52,CRUISE,,1.10,0.29,0.82
23.72,FLYING,RETURN,0,,,,,100,0,11,0,0,52,CRUISE,,0.95,0.32,0.86
23.78,FLYING,RETURN,0,,,,,100,0,11,0,0,52,CRUISE,,0.87,0.33,0.55
23.83,FLYING,RETURN,0,,,,,100,0,11,0,0,52,CRUISE,,0.84,0.34,0.37
23.89,FLYING,RETURN,0,,,,,100,0,11,0,0,52,CRUISE,,1.00,0.42,0.30
23.94,FLYING,RETURN,0,,,,,100,0,11,0,0,52,CRUISE,,1.15,0.57,0.47
24.00,FLYING,RETURN,0,,,,,100,0,11,0,0,52,CRUISE,,1.22,0.64,0.55
24.05,FLYING,RETURN,0,,,,,100,0,11,0,0,52,CRUISE,,0.84,0.47,0.35
24.11,FLYING,RETURN,0,,,,,100,0,11,0,0,52,CRUISE,,0.64,0.36,0.22
24.16,FLYING,RETURN,0,,,,,100,0,11,0,0,52,CRUISE,,0.58,0.29,0.16
24.22,FLYING,RETURN,0,,,,,100,0,11,0,0,52,CRUISE,,0.63,0.18,0.14
24.27,FLYING,RETURN,0,,,,,100,0,11,0,0,52,CRUISE,,0.71,0.13,0.20
24.33,FLYING,RETURN,0,,,,,100,0,11,0,0,52,CRUISE,,0.96,0.39,0.51
24.38,FLYING,RETURN,0,,,,,100,0,11,0,0,52,CRUISE,,1.08,0.53,0.67
24.43,FLYING,RETURN,0,,,,,100,0,11,0,0,52,CRUISE,,0.74,0.35,0.40
24.49,FLYING,RETURN,0,,,,,100,0,11,0,0,52,CRUISE,,0.52,0.25,0.25
24.54,FLYING,RETURN,0,,,,,100,0,11,0,0,52,CRUISE,,0.41,0.20,0.18
24.60,FLYING,RETURN,0,,,,,100,0,11,0,0,52,CRUISE,,0.38,0.17,0.14
24.65,FLYING,RETURN,0,,,,,100,0,11,0,0,52,CRUISE,,0.37,0.17,0.12
24.71,FLYING,RETURN,0,,,,,100,0,11,0,0,52,CRUISE,,0.34,0.20,0.14
24.76,FLYING,RETURN,0,,,,,100,0,11,0,0,52,CRUISE,,0.33,0.51,0.44
24.82,FLYING,RETURN,0,,,,,100,0,11,0,0,52,CRUISE,,0.32,0.67,0.59
24.87,FLYING,RETURN,0,,,,,100,0,11,0,0,52,CRUISE,,0.28,0.39,0.36
24.93,FLYING,RETURN,0,,,,,100,0,11,0,0,52,CRUISE,,0.23,0.26,0.23
24.98,FLYING,RETURN,0,,,,,100,0,11,0,0,52,CRUISE,,0.24,0.20,0.17
25.04,FLYING,RETURN,0,,,,,100,0,11,0,0,52,CRUISE,,0.36,0.64,0.56
25.09,FLYING,RETURN,0,,,,,100,0,11,0,0,52,CRUISE,,0.43,0.86,0.76
25.21,FLYING,RETURN,2,rotten,0.20,0.99,0.8,100,0,12,-4,0,52,CRUISE,,0.31,0.59,0.66
25.26,FLYING,RETURN,0,,,,,100,0,7,-2,0,51,CRUISE,,0.25,0.46,0.55
25.31,FLYING,RETURN,0,,,,,100,0,5,-1,0,51,CRUISE,,0.23,0.45,0.49
25.37,FLYING,RETURN,0,,,,,100,0,3,-1,0,51,CRUISE,,0.25,0.64,0.51
25.42,FLYING,RETURN,0,,,,,100,0,2,0,0,51,CRUISE,,0.27,0.73,0.52
25.48,FLYING,RETURN,0,,,,,100,0,1,0,0,51,CRUISE,,0.28,0.78,0.48
25.53,FLYING,RETURN,0,,,,,100,0,0,0,0,51,CRUISE,,0.34,0.75,0.42
25.62,FLYING,RETURN,1,rotten,0.44,0.95,0.9,100,0,4,-4,0,51,CRUISE,,0.42,0.74,0.31
25.70,FLYING,RETURN,1,rotten,0.47,1.00,1.0,100,0,7,-7,0,51,CRUISE,,0.46,0.67,0.24
25.79,FLYING,RETURN,1,rotten,0.46,0.98,1.1,100,0,8,-9,0,51,CRUISE,,0.48,0.61,0.22
25.88,FLYING,RETURN,1,rotten,0.52,0.97,1.2,100,0,9,-10,0,51,CRUISE,,0.43,0.58,0.49
25.96,FLYING,RETURN,1,rotten,0.36,0.92,1.2,100,0,10,-11,0,51,CRUISE,,0.35,0.54,0.63
26.05,FLYING,RETURN,1,rotten,0.28,0.80,1.4,100,0,10,-11,0,51,CRUISE,,0.31,0.42,0.35
26.13,FLYING,RETURN,1,rotten,0.27,0.94,1.3,100,0,10,-11,0,51,CRUISE,,0.32,0.26,0.21
26.22,FLYING,RETURN,1,rotten,0.26,0.89,1.4,100,0,10,-12,0,51,CRUISE,,0.33,0.18,0.16
26.30,FLYING,RETURN,1,,,,,100,0,6,-7,0,51,CRUISE,,0.34,0.20,0.14
26.39,FLYING,RETURN,1,rotten,0.25,0.87,1.9,100,0,7,-9,0,51,CRUISE,,0.30,0.21,0.12
26.48,FLYING,RETURN,1,rotten,0.29,0.73,1.8,100,0,7,-10,0,51,CRUISE,,0.31,0.20,0.10
26.59,FLYING,RETURN,2,rotten,0.55,0.94,1.7,100,0,8,-10,0,51,CRUISE,,0.32,0.18,0.09
26.68,FLYING,RETURN,1,freshripe,0.39,0.68,1.9,100,0,8,-10,0,51,CRUISE,,0.32,0.18,0.10
26.77,FLYING,RETURN,1,freshripe,0.34,0.63,1.8,100,0,8,-10,0,51,CRUISE,,0.41,0.18,0.18
26.86,FLYING,RETURN,1,rotten,0.37,0.84,1.8,100,0,8,-10,0,51,CRUISE,,0.44,0.21,0.21
26.97,FLYING,RETURN,2,rotten,0.68,0.99,1.9,100,0,8,-10,0,51,CRUISE,,0.49,0.23,0.23
27.06,FLYING,RETURN,1,rotten,0.46,0.88,1.6,100,0,8,-9,0,51,CRUISE,,0.48,0.33,0.23
27.14,FLYING,RETURN,1,rotten,0.68,0.92,1.6,100,0,9,-9,0,51,CRUISE,,0.40,0.40,0.27
27.23,FLYING,RETURN,1,rotten,0.52,0.91,1.7,100,0,9,-8,0,50,CRUISE,,0.33,0.44,0.27
27.31,FLYING,RETURN,1,rotten,0.33,0.97,1.6,100,0,9,-8,0,50,CRUISE,,0.30,0.44,0.29
27.40,FLYING,RETURN,1,rotten,0.47,0.97,1.8,100,0,9,-5,0,50,CRUISE,,0.26,0.45,0.30
27.49,FLYING,RETURN,1,rotten,0.60,0.69,1.7,100,0,9,-3,0,50,CRUISE,,0.25,0.44,0.31
27.57,FLYING,RETURN,1,rotten,0.57,0.81,1.8,100,0,9,-2,0,50,CRUISE,,0.24,0.41,0.27
27.66,FLYING,RETURN,1,rotten,0.44,0.83,1.7,100,0,9,-1,0,50,CRUISE,,0.25,0.36,0.24
27.74,FLYING,RETURN,1,rotten,0.53,0.96,2.1,100,0,8,0,0,50,CRUISE,,0.25,0.27,0.22
27.83,FLYING,RETURN,1,rotten,0.50,0.71,1.8,100,0,8,0,0,50,CRUISE,,0.25,0.23,0.21
27.91,FLYING,RETURN,1,rotten,0.47,0.89,2.1,100,0,8,0,0,50,CRUISE,,0.21,0.21,0.20
28.00,FLYING,RETURN,1,rotten,0.44,0.95,2.2,100,0,8,0,0,50,CRUISE,,0.17,0.16,0.20
28.08,FLYING,RETURN,1,rotten,0.71,0.92,2.3,100,0,8,0,0,50,CRUISE,,0.15,0.14,0.24
28.17,FLYING,RETURN,1,rotten,0.47,0.87,2.3,100,0,8,0,0,50,CRUISE,,0.15,0.15,0.19
28.25,FLYING,RETURN,1,rotten,0.44,0.86,2.3,100,0,8,0,0,50,CRUISE,,0.16,0.39,0.30
28.34,FLYING,RETURN,1,rotten,0.47,0.81,2.4,100,0,8,0,0,50,CRUISE,,0.16,0.29,0.24
28.42,FLYING,RETURN,1,rotten,0.61,0.88,2.4,100,0,8,0,0,50,CRUISE,,0.14,0.24,0.21
28.51,FLYING,RETURN,1,rotten,0.52,0.87,2.4,100,0,8,0,0,50,CRUISE,,0.14,0.20,0.18
28.60,FLYING,RETURN,1,rotten,0.48,0.97,2.5,100,0,8,0,0,50,CRUISE,,0.13,0.14,0.17
28.68,FLYING,RETURN,1,rotten,0.70,0.86,1.9,100,0,8,0,0,50,CRUISE,,0.17,0.11,0.16
28.77,FLYING,RETURN,1,freshripe,0.51,0.51,2.3,100,0,8,0,0,50,CRUISE,,0.18,0.15,0.20
28.85,FLYING,RETURN,1,rotten,0.66,0.94,1.9,100,0,8,0,0,50,CRUISE,,0.16,0.16,0.21
28.94,FLYING,RETURN,1,rotten,0.72,0.63,1.8,100,0,8,0,0,50,CRUISE,,0.15,0.18,0.22
29.02,FLYING,RETURN,1,rotten,0.63,0.90,2.0,100,0,8,0,0,50,CRUISE,,0.15,0.22,0.25
29.11,FLYING,RETURN,1,rotten,0.38,0.77,1.9,100,0,8,0,0,50,CRUISE,,0.14,0.29,0.26
29.20,FLYING,RETURN,1,freshripe,0.47,0.55,2.0,100,0,8,0,0,50,CRUISE,,0.14,0.32,0.26
29.28,FLYING,RETURN,1,rotten,0.63,0.76,2.4,100,0,8,0,0,50,CRUISE,,0.14,0.34,0.25
29.37,FLYING,RETURN,1,rotten,0.57,0.78,2.1,100,0,8,0,0,50,CRUISE,,0.17,0.39,0.24
29.45,FLYING,RETURN,1,rotten,0.68,0.97,1.8,100,0,8,0,0,50,CRUISE,,0.15,0.42,0.23
29.54,FLYING,RETURN,1,rotten,0.53,0.98,2.3,100,0,8,0,0,50,CRUISE,,0.15,0.37,0.28
29.62,FLYING,RETURN,1,rotten,0.35,0.71,2.2,100,0,8,0,0,50,CRUISE,,0.11,0.32,0.30
29.71,FLYING,RETURN,1,rotten,0.54,0.99,2.0,100,0,8,0,0,50,CRUISE,,0.09,0.23,0.27
29.80,FLYING,RETURN,1,rotten,0.65,0.89,2.0,100,0,8,0,0,50,CRUISE,,0.10,0.17,0.24
29.88,FLYING,RETURN,1,rotten,0.72,0.96,2.0,100,0,8,0,0,50,CRUISE,,0.10,0.14,0.18
29.97,FLYING,RETURN,1,rotten,0.64,0.90,1.9,100,0,8,0,0,50,CRUISE,,0.10,0.17,0.15
30.05,FLYING,RETURN,1,rotten,0.45,0.97,2.0,100,0,8,0,0,50,CRUISE,,0.14,0.28,0.15
30.14,FLYING,RETURN,1,rotten,0.44,0.96,2.1,100,0,8,0,0,50,CRUISE,,0.16,0.37,0.15
30.22,FLYING,RETURN,1,rotten,0.28,0.85,2.5,100,0,8,0,0,50,CRUISE,,0.16,0.42,0.15
30.30,FLYING,RETURN,1,rotten,0.39,0.91,1.9,100,0,8,0,0,49,CRUISE,,0.14,0.43,0.16
30.39,FLYING,RETURN,1,rotten,0.29,0.79,1.9,100,0,8,0,0,49,CRUISE,,0.14,0.38,0.16
30.48,FLYING,RETURN,1,,,,,100,0,5,0,0,49,CRUISE,,0.14,0.35,0.20
30.53,FLYING,RETURN,0,,,,,100,0,3,0,0,49,CRUISE,,0.14,0.34,0.21
30.58,FLYING,RETURN,0,,,,,100,0,2,0,0,49,CRUISE,,0.15,0.36,0.22
30.67,FLYING,RETURN,1,rotten,0.23,0.96,2.1,100,2,4,0,0,49,CRUISE,,0.14,0.34,0.22
30.76,FLYING,RETURN,1,rotten,0.26,1.00,2.0,100,4,5,0,0,49,CRUISE,,0.17,0.31,0.32
30.84,FLYING,RETURN,1,rotten,0.38,0.93,1.8,100,5,6,-2,0,49,CRUISE,,0.18,0.30,0.38
30.93,FLYING,RETURN,1,rotten,0.43,1.00,1.8,100,6,7,-4,0,49,CRUISE,,0.19,0.29,0.40
31.01,FLYING,RETURN,1,rotten,0.34,0.89,1.8,100,6,7,-6,0,49,CRUISE,,0.17,0.21,0.27
31.10,FLYING,RETURN,1,rotten,0.43,0.99,1.9,100,6,8,-6,0,49,CRUISE,,0.15,0.17,0.19
31.18,FLYING,RETURN,1,rotten,0.42,0.75,2.0,100,7,8,-7,0,49,CRUISE,,0.10,0.13,0.14
31.24,FLYING,RETURN,0,,,,,100,4,5,-4,0,49,CRUISE,,0.07,0.14,0.11
31.33,FLYING,RETURN,1,rotten,0.24,0.83,2.4,100,3,6,-6,0,49,CRUISE,,0.08,0.18,0.07
31.41,FLYING,RETURN,1,rotten,0.22,0.92,1.9,100,4,6,-7,0,49,CRUISE,,0.09,0.19,0.06
31.50,FLYING,RETURN,1,rotten,0.38,0.77,1.9,100,5,7,-7,0,49,CRUISE,,0.08,0.15,0.06
31.58,FLYING,RETURN,1,rotten,0.61,0.59,1.9,100,6,7,-8,0,49,CRUISE,,0.07,0.12,0.07
31.67,FLYING,RETURN,1,rotten,0.48,0.65,2.2,100,6,7,-8,0,49,CRUISE,,0.23,0.15,0.07
31.75,FLYING,RETURN,1,rotten,0.62,0.80,1.9,100,7,8,-9,0,49,CRUISE,,0.40,0.16,0.09
31.84,FLYING,RETURN,1,rotten,0.56,0.74,1.9,100,7,8,-9,0,49,CRUISE,,1.03,0.19,0.12
31.92,FLYING,RETURN,1,freshripe,0.64,0.58,1.8,100,7,8,-9,0,49,CRUISE,,1.35,0.18,0.15
32.01,FLYING,RETURN,1,rotten,0.31,0.96,1.9,100,7,8,-9,0,49,CRUISE,,1.35,0.21,0.16
32.10,FLYING,RETURN,1,,,,,100,5,5,-5,0,49,CRUISE,,1.15,0.23,0.16
32.18,FLYING,RETURN,1,rotten,0.26,0.78,1.9,100,6,6,-7,0,49,CRUISE,,1.04,0.58,0.15
32.24,FLYING,RETURN,0,,,,,100,4,4,-4,0,49,CRUISE,,1.37,0.90,0.12
32.29,FLYING,RETURN,0,,,,,100,2,2,-2,0,49,CRUISE,,1.57,0.91,0.10
32.35,FLYING,RETURN,0,,,,,100,1,1,-1,0,49,CRUISE,,1.64,1.07,0.09
32.43,FLYING,RETURN,1,,,,,100,1,1,-1,0,49,CRUISE,,1.45,0.89,0.20
32.49,FLYING,RETURN,0,,,,,100,0,0,0,0,49,CRUISE,,1.01,0.80,0.18
32.54,FLYING,RETURN,0,,,,,100,0,0,0,0,49,CRUISE,,0.79,0.75,0.18
32.64,FLYING,RETURN,1,rotten,0.25,0.83,1.9,100,2,3,-3,0,49,CRUISE,,0.78,0.58,0.17
32.73,FLYING,RETURN,1,,,,,100,1,2,-2,0,49,CRUISE,,1.20,0.82,0.19
32.81,FLYING,RETURN,1,rotten,0.43,0.99,1.8,100,3,4,-4,0,49,CRUISE,,1.25,0.94,0.25
32.87,FLYING,RETURN,0,,,,,100,2,2,-2,0,49,CRUISE,,1.28,1.00,0.38
32.95,FLYING,RETURN,1,rotten,0.54,0.93,2.0,100,4,4,-5,0,49,CRUISE,,1.30,1.40,0.44
33.04,FLYING,RETURN,1,rotten,0.41,0.96,2.0,100,2,5,-6,0,49,CRUISE,,1.04,0.84,0.33
33.13,FLYING,RETURN,1,rotten,0.46,0.94,2.0,100,4,6,-7,0,49,CRUISE,,1.27,0.51,0.22
33.18,FLYING,RETURN,0,,,,,100,2,4,-4,0,49,CRUISE,,1.39,0.35,0.17
33.27,FLYING,RETURN,1,rotten,0.39,0.79,1.8,100,4,5,-6,0,49,CRUISE,,1.69,0.36,0.19
33.35,FLYING,RETURN,1,rotten,0.24,0.96,2.0,100,5,6,-7,0,49,CRUISE,,1.84,0.37,0.21
33.44,FLYING,RETURN,1,rotten,0.34,0.97,1.9,100,6,7,-8,0,49,CRUISE,,1.48,0.38,0.24
33.53,FLYING,RETURN,1,,,,,100,3,4,-5,0,49,CRUISE,,1.27,0.39,0.27
33.61,FLYING,RETURN,1,,,,,100,2,3,-3,0,49,CRUISE,,1.16,0.80,0.28
33.70,FLYING,FEED,1,rotten,0.38,0.96,1.9,100,4,2,-5,0,49,CRUISE,,1.11,1.00,0.26
33.79,FLYING,FEED,1,,,,,100,2,1,-3,0,49,CRUISE,,1.20,1.22,0.24
33.87,FLYING,FEED,1,rotten,0.39,0.91,1.9,99,4,0,-5,0,49,CRUISE,,1.12,1.35,0.19
33.96,FLYING,FEED,1,rotten,0.47,0.91,1.9,99,2,0,-6,0,49,CRUISE,,1.12,1.42,0.17
34.04,FLYING,FEED,1,rotten,0.50,0.94,1.7,98,1,0,-7,0,49,CRUISE,,1.12,0.86,0.15
34.13,FLYING,FEED,1,rotten,0.53,0.83,1.7,98,1,0,-8,0,49,CRUISE,,1.16,0.58,0.13
34.21,FLYING,FEED,1,rotten,0.37,1.00,1.9,97,0,0,-8,0,48,CRUISE,,1.49,0.37,0.11
34.27,FLYING,FEED,0,,,,,97,0,0,-5,0,48,CRUISE,,1.35,0.99,0.10
34.32,FLYING,FEED,0,,,,,97,0,0,-3,0,48,CRUISE,,1.59,0.98,0.12
34.41,FLYING,FEED,1,rotten,0.27,0.94,1.9,97,0,0,-5,0,48,AVOID_RIGHT,,2.31,1.29,0.15
34.50,FLYING,SCARED,1,rotten,0.50,0.83,2.0,97,0,-40,0,0,48,ESCAPE,RIGHT,2.68,1.24,0.16
34.62,FLYING,SCARED,2,rotten,0.67,0.92,2.0,97,0,-40,0,0,48,ESCAPE,RIGHT,1.69,1.30,0.21
34.70,FLYING,SCARED,1,rotten,0.53,0.98,1.8,97,0,-40,0,0,48,ESCAPE,RIGHT,1.20,1.25,0.37
34.79,FLYING,SCARED,1,rotten,0.39,0.95,1.8,97,0,-40,0,0,48,ESCAPE,RIGHT,0.95,1.26,0.50
34.85,FLYING,SCARED,0,,,,,97,0,-40,0,0,48,ESCAPE,RIGHT,1.00,1.27,0.56
34.90,FLYING,SCARED,0,,,,,97,0,-40,0,0,48,ESCAPE,RIGHT,1.33,1.58,0.64
34.99,FLYING,SCARED,1,rotten,0.28,0.84,1.9,97,0,-40,0,0,48,ESCAPE,RIGHT,1.78,1.73,0.69
35.07,FLYING,SCARED,1,rotten,0.26,0.99,2.0,97,0,-40,0,0,48,ESCAPE,RIGHT,2.00,1.39,0.51
35.16,FLYING,SCARED,1,rotten,0.42,0.94,2.1,97,0,-40,0,0,48,ESCAPE,RIGHT,1.70,0.97,0.42
35.21,FLYING,SCARED,0,,,,,97,0,-40,0,0,48,ESCAPE,RIGHT,1.42,0.75,0.38
35.27,FLYING,SCARED,0,,,,,97,0,-40,0,0,48,ESCAPE,RIGHT,1.25,0.61,0.24
35.35,FLYING,SCARED,1,rotten,0.24,0.87,1.7,97,0,-40,0,0,48,ESCAPE,RIGHT,0.96,0.54,0.16
35.41,FLYING,SCARED,0,,,,,97,0,-40,0,0,48,ESCAPE,RIGHT,0.78,0.51,0.12
35.46,FLYING,WAIT,0,,,,,97,0,-26,0,0,48,ESCAPE,RIGHT,0.69,0.66,0.10
35.52,FLYING,WAIT,0,,,,,97,0,-16,0,0,48,ESCAPE,RIGHT,0.74,1.25,0.29
35.57,FLYING,WAIT,0,,,,,97,0,-10,0,0,48,ESCAPE,RIGHT,0.78,1.54,0.39
35.63,FLYING,WAIT,0,,,,,97,0,-7,0,0,48,ESCAPE,RIGHT,0.81,1.23,0.23
35.72,FLYING,WAIT,1,,,,,97,0,-4,0,0,48,ESCAPE,RIGHT,0.64,1.05,0.15
35.80,FLYING,WAIT,1,rotten,0.37,0.81,1.6,97,0,-3,0,0,48,ESCAPE,RIGHT,0.56,0.96,0.11
35.92,FLYING,WAIT,2,rotten,0.22,0.88,1.5,97,0,-1,0,0,48,ESCAPE,RIGHT,0.54,1.36,0.18
35.97,FLYING,WAIT,0,,,,,97,0,-1,0,0,48,ESCAPE,RIGHT,0.54,1.56,0.21
36.03,FLYING,WAIT,0,,,,,97,0,0,0,0,48,ESCAPE,RIGHT,0.54,1.48,0.23
36.08,FLYING,WAIT,0,,,,,97,0,0,0,0,48,ESCAPE,RIGHT,0.65,1.12,0.15
36.17,FLYING,WAIT,1,,,,,97,0,0,0,0,48,ESCAPE,RIGHT,0.78,0.60,0.08
36.22,FLYING,WAIT,0,,,,,97,0,0,0,0,48,ESCAPE,RIGHT,0.85,0.33,0.05
36.31,FLYING,WAIT,1,,,,,97,0,0,0,0,48,ESCAPE,RIGHT,1.01,0.16,0.02
36.43,FLYING,WAIT,2,,,,,97,0,0,0,0,48,ESCAPE,RIGHT,0.93,0.07,0.02
36.51,FLYING,WAIT,1,rotten,0.26,0.99,1.1,97,0,0,0,0,48,ESCAPE,RIGHT,0.75,0.03,0.03
36.57,FLYING,WAIT,0,,,,,97,0,0,0,0,48,ESCAPE,RIGHT,0.66,0.01,0.04
36.68,FLYING,WAIT,2,rotten,0.30,0.62,0.7,97,0,0,0,0,48,ESCAPE,RIGHT,0.57,0.14,0.09
36.77,FLYING,WAIT,1,,,,,97,0,0,0,0,48,CRUISE,,0.41,0.31,0.12
36.82,FLYING,WAIT,0,,,,,97,0,0,0,0,48,CRUISE,,0.33,0.43,0.28
36.88,FLYING,WAIT,0,,,,,97,0,0,0,0,48,CRUISE,,0.62,0.71,1.04
36.93,FLYING,WAIT,0,,,,,97,0,0,0,0,48,CRUISE,,0.76,0.86,1.42
36.99,FLYING,WAIT,0,,,,,97,0,0,0,0,48,CRUISE,,0.51,0.71,1.01
37.04,FLYING,WAIT,0,,,,,97,0,0,0,0,48,CRUISE,,0.39,0.57,0.76
37.10,FLYING,WAIT,0,,,,,97,0,0,0,0,48,CRUISE,,0.33,0.46,0.63
37.15,FLYING,WAIT,0,,,,,97,0,0,0,0,48,CRUISE,,0.30,0.41,0.47
37.24,FLYING,WAIT,1,rotten,0.25,1.00,0.4,97,0,0,0,0,47,CRUISE,,0.30,0.41,0.38
37.32,FLYING,WAIT,1,rotten,0.26,1.00,0.4,97,0,0,0,0,47,CRUISE,,0.42,0.56,0.65
37.38,FLYING,WAIT,0,,,,,97,0,0,0,0,47,CRUISE,,0.48,0.64,0.79
37.43,FLYING,WAIT,0,,,,,97,0,0,0,0,47,CRUISE,,0.43,0.61,0.46
37.49,FLYING,WAIT,0,,,,,97,0,0,0,0,47,CRUISE,,0.40,0.59,0.30
37.54,FLYING,WAIT,0,,,,,97,0,0,0,0,47,CRUISE,,0.48,0.63,0.21
37.59,FLYING,WAIT,0,,,,,97,0,0,0,0,47,CRUISE,,0.73,0.65,0.16
37.65,FLYING,WAIT,0,,,,,97,0,0,0,0,47,CRUISE,,0.87,0.66,0.14
37.70,FLYING,WAIT,0,,,,,97,0,0,0,0,47,CRUISE,,0.99,0.66,0.13
37.75,FLYING,WAIT,0,,,,,97,0,0,0,0,47,CRUISE,,1.07,0.75,0.13
37.81,FLYING,WAIT,0,,,,,97,0,0,0,0,47,CRUISE,,1.33,0.85,0.12
37.87,FLYING,WAIT,0,,,,,97,0,0,0,0,47,CRUISE,,1.46,1.21,0.19
37.92,FLYING,WAIT,0,,,,,97,0,0,0,0,47,CRUISE,,1.31,1.43,0.22
37.98,FLYING,WAIT,0,,,,,97,0,0,0,0,47,CRUISE,,1.23,1.61,0.19
38.03,FLYING,WAIT,0,,,,,97,0,0,0,0,47,CRUISE,,1.28,1.69,0.16
38.09,FLYING,WAIT,0,,,,,97,0,0,0,0,47,CRUISE,,1.30,1.35,0.15
38.14,FLYING,WAIT,0,,,,,97,0,0,0,0,47,CRUISE,,1.23,1.07,0.15
38.20,FLYING,WAIT,0,,,,,97,0,0,0,0,47,CRUISE,,1.19,0.84,0.18
38.25,FLYING,WAIT,0,,,,,97,0,0,0,0,47,CRUISE,,1.30,0.60,0.19
38.31,FLYING,WAIT,0,,,,,97,0,0,0,0,47,AVOID_RIGHT,,1.81,0.44,0.16
38.36,FLYING,WAIT,0,,,,,97,0,0,0,0,47,AVOID_RIGHT,,2.07,0.30,0.13
38.42,FLYING,WAIT,0,,,,,97,0,0,0,0,47,AVOID_RIGHT,,2.01,0.23,0.11
38.47,FLYING,WAIT,0,,,,,97,0,0,0,0,47,AVOID_RIGHT,,1.99,0.22,0.14
38.53,FLYING,WAIT,0,,,,,97,0,0,0,0,47,ESCAPE,RIGHT,1.87,0.24,0.17
38.58,FLYING,WAIT,0,,,,,97,0,0,0,0,47,ESCAPE,RIGHT,1.94,0.25,0.19
38.64,FLYING,WAIT,0,,,,,97,0,0,0,0,47,ESCAPE,RIGHT,1.97,0.26,0.22
38.69,FLYING,WAIT,0,,,,,97,0,0,0,0,47,ESCAPE,RIGHT,1.99,0.26,0.23
38.75,FLYING,WAIT,0,,,,,97,0,0,0,0,47,ESCAPE,RIGHT,1.58,0.31,0.26
38.80,FLYING,WAIT,0,,,,,97,0,0,0,0,47,ESCAPE,RIGHT,1.37,0.34,0.28
38.86,FLYING,WAIT,0,,,,,97,0,0,0,0,47,ESCAPE,RIGHT,1.36,0.36,0.29
38.91,FLYING,WAIT,0,,,,,97,0,0,0,0,47,ESCAPE,RIGHT,1.35,0.32,0.27
38.97,FLYING,WAIT,0,,,,,97,0,0,0,0,47,ESCAPE,RIGHT,1.24,0.30,0.25
39.02,FLYING,WAIT,0,,,,,97,0,0,0,0,47,ESCAPE,RIGHT,1.18,0.27,0.19
39.08,FLYING,WAIT,0,,,,,97,0,0,0,0,47,ESCAPE,RIGHT,1.32,0.28,0.15
39.13,FLYING,WAIT,0,,,,,97,0,0,0,0,47,ESCAPE,RIGHT,1.76,0.32,0.11
39.19,FLYING,WAIT,0,,,,,97,0,0,0,0,47,ESCAPE,RIGHT,1.97,0.34,0.11
39.25,FLYING,WAIT,0,,,,,97,0,0,0,0,47,ESCAPE,RIGHT,2.03,0.23,0.09
39.30,FLYING,WAIT,0,,,,,97,0,0,0,0,47,ESCAPE,RIGHT,2.06,0.16,0.10
39.36,FLYING,WAIT,0,,,,,97,0,0,0,0,47,ESCAPE,RIGHT,2.08,0.13,0.09
39.41,FLYING,WAIT,0,,,,,97,0,0,0,0,47,ESCAPE,RIGHT,1.74,0.11,0.07
39.47,FLYING,WAIT,0,,,,,97,0,0,0,0,47,ESCAPE,RIGHT,1.32,0.11,0.05
39.52,FLYING,WAIT,0,,,,,97,0,0,0,0,47,ESCAPE,RIGHT,1.11,0.11,0.04
39.58,FLYING,WAIT,0,,,,,97,0,0,0,0,47,ESCAPE,RIGHT,1.33,0.12,0.09
39.63,FLYING,WAIT,0,,,,,97,0,0,0,0,47,ESCAPE,RIGHT,1.44,0.16,0.11
39.69,FLYING,WAIT,0,,,,,97,0,0,0,0,47,ESCAPE,RIGHT,1.44,0.18,0.11
39.74,FLYING,WAIT,0,,,,,97,0,0,0,0,47,ESCAPE,RIGHT,1.27,0.19,0.12
39.80,FLYING,WAIT,0,,,,,97,0,0,0,0,47,ESCAPE,RIGHT,1.19,0.20,0.10
39.85,FLYING,WAIT,0,,,,,97,0,0,0,0,47,ESCAPE,RIGHT,1.14,0.44,0.10
39.91,FLYING,WAIT,0,,,,,97,0,0,0,0,47,ESCAPE,RIGHT,1.18,0.86,0.10
39.96,FLYING,WAIT,0,,,,,97,0,0,0,0,47,ESCAPE,RIGHT,1.53,1.14,0.10
40.02,FLYING,WAIT,0,,,,,97,0,0,0,0,47,ESCAPE,RIGHT,1.70,1.29,0.08
40.07,FLYING,WAIT,0,,,,,97,0,0,0,0,47,ESCAPE,RIGHT,1.79,1.05,0.08
40.13,FLYING,WAIT,0,,,,,97,0,0,0,0,47,ESCAPE,RIGHT,1.90,0.83,0.08
40.19,FLYING,WAIT,0,,,,,97,0,0,0,0,47,AVOID_RIGHT,,2.09,0.66,0.09
40.24,FLYING,WAIT,0,,,,,97,0,0,0,0,47,AVOID_RIGHT,,2.47,0.57,0.12
40.30,FLYING,WAIT,0,,,,,97,0,0,0,0,47,AVOID_RIGHT,,2.38,0.52,0.13
40.35,FLYING,WAIT,0,,,,,97,0,0,0,0,47,AVOID_RIGHT,,2.16,0.54,0.14
40.41,FLYING,WAIT,0,,,,,97,0,0,0,0,47,AVOID_RIGHT,,1.75,0.64,0.16
40.46,FLYING,WAIT,0,,,,,97,0,0,0,0,47,AVOID_RIGHT,,1.54,0.68,0.17
40.52,FLYING,WAIT,0,,,,,97,0,0,0,0,47,AVOID_RIGHT,,1.46,0.70,0.14
40.57,FLYING,WAIT,0,,,,,97,0,0,0,0,47,AVOID_RIGHT,,1.42,0.58,0.12
40.63,FLYING,WAIT,0,,,,,97,0,0,0,0,47,AVOID_RIGHT,,1.47,0.48,0.24
40.68,FLYING,WAIT,0,,,,,97,0,0,0,0,47,AVOID_RIGHT,,1.56,0.42,0.30
40.74,FLYING,WAIT,0,,,,,97,0,0,0,0,47,AVOID_RIGHT,,1.85,0.40,0.33
40.79,FLYING,WAIT,0,,,,,97,0,0,0,0,47,AVOID_RIGHT,,1.99,0.44,0.34
40.85,FLYING,WAIT,0,,,,,97,0,0,0,0,47,AVOID_RIGHT,,1.70,0.48,0.35
40.90,FLYING,WAIT,0,,,,,97,0,0,0,0,47,AVOID_RIGHT,,1.35,0.51,0.36
40.96,FLYING,WAIT,0,,,,,97,0,0,0,0,47,AVOID_RIGHT,,1.08,0.52,0.38
41.01,FLYING,WAIT,0,,,,,97,0,0,0,0,47,AVOID_RIGHT,,0.96,0.51,0.38
41.07,FLYING,WAIT,0,,,,,97,0,0,0,0,47,AVOID_RIGHT,,0.90,0.50,0.39
41.12,FLYING,WAIT,0,,,,,97,0,0,0,0,47,AVOID_RIGHT,,1.18,0.47,0.36
41.18,FLYING,WAIT,0,,,,,97,0,0,0,0,47,AVOID_RIGHT,,1.52,0.46,0.34
41.23,FLYING,WAIT,0,,,,,97,0,0,0,0,47,AVOID_RIGHT,,1.92,0.45,0.33
41.29,FLYING,WAIT,0,,,,,97,0,0,0,0,47,AVOID_RIGHT,,2.12,0.43,0.28
41.34,FLYING,WAIT,0,,,,,97,0,0,0,0,47,AVOID_RIGHT,,2.11,0.42,0.25
41.40,FLYING,WAIT,0,,,,,97,0,0,0,0,47,AVOID_RIGHT,,2.08,0.36,0.23
41.45,FLYING,WAIT,0,,,,,97,0,0,0,0,47,AVOID_RIGHT,,2.09,0.33,0.22
41.51,FLYING,WAIT,0,,,,,97,0,0,0,0,47,AVOID_RIGHT,,1.88,0.32,0.22
41.57,FLYING,WAIT,0,,,,,97,0,0,0,0,47,AVOID_RIGHT,,1.67,0.31,0.20
41.62,FLYING,WAIT,0,,,,,97,0,0,0,0,47,AVOID_RIGHT,,1.54,0.26,0.20
41.68,FLYING,WAIT,0,,,,,97,0,0,0,0,47,AVOID_RIGHT,,1.44,0.22,0.19
41.73,FLYING,WAIT,0,,,,,97,0,0,0,0,47,AVOID_RIGHT,,1.10,0.22,0.13
41.78,FLYING,WAIT,0,,,,,97,0,0,0,0,47,AVOID_RIGHT,,0.88,0.29,0.10
41.84,FLYING,WAIT,0,,,,,97,0,0,0,0,47,AVOID_RIGHT,,0.65,0.59,0.11
41.89,FLYING,WAIT,0,,,,,97,0,0,0,0,47,AVOID_RIGHT,,0.54,1.17,0.12
41.95,FLYING,WAIT,0,,,,,97,0,0,0,0,47,CRUISE,,0.45,1.47,0.14
42.00,FLYING,WAIT,0,,,,,97,0,0,0,0,47,CRUISE,,0.41,1.43,0.17
42.06,FLYING,WAIT,0,,,,,97,0,0,0,0,47,CRUISE,,0.51,1.40,0.19
42.11,FLYING,WAIT,0,,,,,97,0,0,0,0,47,AVOID_LEFT,,0.62,0.80,0.20
42.17,FLYING,WAIT,0,,,,,97,0,0,0,0,47,AVOID_LEFT,,0.69,0.50,0.18
42.22,FLYING,WAIT,0,,,,,97,0,0,0,0,47,AVOID_LEFT,,0.73,0.41,0.16
42.28,FLYING,WAIT,0,,,,,97,0,0,0,0,46,AVOID_LEFT,,0.71,0.37,0.16
42.33,FLYING,WAIT,0,,,,,97,0,0,0,0,46,AVOID_LEFT,,0.67,0.32,0.14
42.39,FLYING,WAIT,0,,,,,97,0,0,0,0,46,CRUISE,,0.64,0.29,0.13
42.44,FLYING,WAIT,0,,,,,97,0,0,0,0,46,CRUISE,,0.88,0.59,0.41
42.50,FLYING,WAIT,0,,,,,97,0,0,0,0,46,CRUISE,,1.13,0.74,0.56
42.55,FLYING,WAIT,0,,,,,97,0,0,0,0,46,CRUISE,,1.52,0.58,0.36
42.61,FLYING,WAIT,0,,,,,97,0,0,0,0,46,CRUISE,,2.00,0.50,0.26
42.66,FLYING,WAIT,0,,,,,97,0,0,0,0,46,AVOID_RIGHT,,1.96,0.64,0.60
42.72,FLYING,WAIT,0,,,,,97,0,0,0,0,46,AVOID_RIGHT,,1.48,0.71,0.76
42.77,FLYING,WAIT,0,,,,,97,0,0,0,0,46,AVOID_RIGHT,,1.17,0.74,0.48
42.83,FLYING,WAIT,0,,,,,97,0,0,0,0,46,AVOID_RIGHT,,1.01,0.77,0.34
42.88,FLYING,WAIT,0,,,,,97,0,0,0,0,46,AVOID_RIGHT,,1.01,0.83,0.68
42.94,FLYING,WAIT,0,,,,,97,0,0,0,0,46,CRUISE,,1.34,1.00,0.85
42.99,FLYING,WAIT,0,,,,,97,0,0,0,0,46,CRUISE,,1.51,1.08,0.52
43.05,FLYING,WAIT,0,,,,,97,0,0,0,0,46,CRUISE,,1.44,1.13,0.36
43.10,FLYING,WAIT,0,,,,,97,0,0,0,0,46,CRUISE,,1.41,1.17,0.70
43.16,FLYING,WAIT,0,,,,,97,0,0,0,0,46,CRUISE,,1.39,1.19,0.87
43.21,FLYING,WAIT,0,,,,,97,0,0,0,0,46,CRUISE,,1.27,0.67,0.53
43.27,FLYING,WAIT,0,,,,,97,0,0,0,0,46,CRUISE,,1.18,0.41,0.34
43.32,FLYING,WAIT,0,,,,,97,0,0,0,0,46,CRUISE,,1.07,0.34,0.25
43.38,FLYING,WAIT,0,,,,,97,0,0,0,0,46,CRUISE,,1.02,0.31,0.23
43.43,FLYING,WAIT,0,,,,,97,0,0,0,0,46,CRUISE,,1.30,0.30,0.22
43.49,FLYING,WAIT,0,,,,,97,0,0,0,0,46,CRUISE,,1.51,0.30,0.18
43.54,FLYING,WAIT,0,,,,,97,0,0,0,0,46,CRUISE,,1.88,0.29,0.14
43.60,FLYING,WAIT,0,,,,,97,0,0,0,0,46,AVOID_RIGHT,,2.07,0.30,0.14
43.65,FLYING,WAIT,0,,,,,97,0,0,0,0,46,AVOID_RIGHT,,1.99,0.39,0.14
43.71,FLYING,WAIT,0,,,,,97,0,0,0,0,46,AVOID_RIGHT,,1.58,0.48,0.47
43.76,FLYING,WAIT,0,,,,,97,0,0,0,0,46,AVOID_RIGHT,,1.37,0.53,0.63
43.82,FLYING,WAIT,0,,,,,97,0,0,0,0,46,AVOID_RIGHT,,1.27,0.40,0.40
43.87,FLYING,WAIT,0,,,,,97,0,0,0,0,46,AVOID_RIGHT,,1.22,0.34,0.26
43.93,FLYING,WAIT,0,,,,,97,0,0,0,0,46,AVOID_RIGHT,,1.27,0.31,0.17
43.98,FLYING,WAIT,0,,,,,97,0,0,0,0,46,AVOID_RIGHT,,1.29,0.24,0.12
44.04,FLYING,WAIT,0,,,,,97,0,0,0,0,46,CRUISE,,1.11,0.20,0.09
44.09,FLYING,WAIT,0,,,,,97,0,0,0,0,46,CRUISE,,0.91,0.15,0.08
44.15,FLYING,WAIT,0,,,,,97,0,0,0,0,46,CRUISE,,0.69,0.12,0.09
44.20,FLYING,WAIT,0,,,,,97,0,0,0,0,46,CRUISE,,0.56,0.11,0.10
44.26,FLYING,WAIT,0,,,,,97,0,0,0,0,46,CRUISE,,0.49,0.09,0.11
44.31,FLYING,WAIT,0,,,,,97,0,0,0,0,46,CRUISE,,0.48,0.11,0.13
44.37,FLYING,WAIT,0,,,,,97,0,0,0,0,46,CRUISE,,0.60,0.17,0.15
44.42,FLYING,WAIT,0,,,,,97,0,0,0,0,46,CRUISE,,0.80,0.20,0.15
44.48,FLYING,WAIT,0,,,,,97,0,0,0,0,46,CRUISE,,1.32,0.30,0.17
44.53,FLYING,WAIT,0,,,,,97,0,0,0,0,46,CRUISE,,1.66,0.58,0.16
44.59,FLYING,WAIT,0,,,,,97,0,0,0,0,46,AVOID_RIGHT,,1.83,0.77,0.13
44.64,FLYING,WAIT,0,,,,,97,0,0,0,0,46,AVOID_RIGHT,,2.22,0.96,0.11
44.70,FLYING,WAIT,0,,,,,97,0,0,0,0,46,AVOID_RIGHT,,3.13,1.18,0.15
44.75,FLYING,WAIT,0,,,,,97,0,0,0,0,46,ESCAPE,RIGHT,3.59,1.29,0.18
44.81,FLYING,WAIT,0,,,,,97,0,0,0,0,46,ESCAPE,RIGHT,2.81,1.18,0.18
44.87,FLYING,WAIT,0,,,,,97,0,0,0,0,46,ESCAPE,RIGHT,2.25,1.05,0.17
44.92,FLYING,WAIT,0,,,,,97,0,0,0,0,46,ESCAPE,RIGHT,1.98,1.06,0.16
44.98,FLYING,WAIT,0,,,,,97,0,0,0,0,46,ESCAPE,RIGHT,1.79,0.85,0.15
45.03,FLYING,WAIT,0,,,,,97,0,0,0,0,46,ESCAPE,RIGHT,1.34,0.60,0.15
45.09,FLYING,WAIT,0,,,,,97,0,0,0,0,46,ESCAPE,RIGHT,1.47,0.47,0.13
45.14,FLYING,WAIT,0,,,,,97,0,0,0,0,46,ESCAPE,RIGHT,1.70,0.48,0.13
45.20,FLYING,WAIT,0,,,,,97,0,0,0,0,46,ESCAPE,RIGHT,1.85,0.49,0.15
45.25,FLYING,WAIT,0,,,,,97,0,0,0,0,46,ESCAPE,RIGHT,1.96,0.53,0.17
45.31,FLYING,WAIT,0,,,,,97,0,0,0,0,46,ESCAPE,RIGHT,2.15,1.45,0.16
45.36,FLYING,WAIT,0,,,,,97,0,0,0,0,46,ESCAPE,RIGHT,2.24,1.91,0.16
45.42,FLYING,WAIT,0,,,,,97,0,0,0,0,46,ESCAPE,RIGHT,2.29,1.69,0.15
45.47,FLYING,RETURN,0,,,,,97,0,4,0,0,46,ESCAPE,RIGHT,1.78,1.30,0.16
45.53,FLYING,RETURN,0,,,,,97,0,6,0,0,46,ESCAPE,RIGHT,1.42,1.11,0.14
45.58,FLYING,RETURN,0,,,,,97,0,8,0,0,46,ESCAPE,RIGHT,1.24,1.21,0.12
45.64,FLYING,RETURN,0,,,,,97,0,9,0,0,46,ESCAPE,RIGHT,1.14,1.26,0.11
45.70,FLYING,RETURN,0,,,,,97,0,10,0,0,46,ESCAPE,RIGHT,1.08,0.93,0.15
45.75,FLYING,RETURN,0,,,,,97,0,11,0,0,46,ESCAPE,RIGHT,1.06,0.57,0.17
45.80,FLYING,RETURN,0,,,,,97,0,11,0,0,46,ESCAPE,RIGHT,1.04,0.36,0.16
45.86,FLYING,RETURN,0,,,,,97,0,11,0,0,46,ESCAPE,RIGHT,1.00,0.22,0.15
45.91,FLYING,RETURN,0,,,,,97,0,11,0,0,46,ESCAPE,RIGHT,0.98,0.18,0.11
45.97,FLYING,RETURN,0,,,,,97,0,11,0,0,46,ESCAPE,RIGHT,0.97,0.80,0.09
46.02,FLYING,RETURN,0,,,,,97,0,11,0,0,46,ESCAPE,RIGHT,0.98,1.16,0.10
46.08,FLYING,RETURN,0,,,,,97,0,11,0,0,46,ESCAPE,RIGHT,0.99,1.34,0.12
46.13,FLYING,RETURN,0,,,,,97,0,11,0,0,46,ESCAPE,RIGHT,1.01,2.02,0.13
46.19,FLYING,RETURN,0,,,,,97,0,11,0,0,45,ESCAPE,RIGHT,1.09,2.56,0.12
46.24,FLYING,RETURN,0,,,,,97,0,11,0,0,45,ESCAPE,RIGHT,1.33,2.82,0.12
46.30,FLYING,RETURN,0,,,,,97,0,11,0,0,45,ESCAPE,RIGHT,1.54,2.57,0.76
46.36,FLYING,RETURN,0,,,,,97,0,11,0,0,45,ESCAPE,RIGHT,1.64,1.92,1.08
46.41,FLYING,RETURN,0,,,,,97,0,11,0,0,45,AVOID_LEFT,,1.22,1.51,1.02
46.47,FLYING,RETURN,0,,,,,97,0,11,0,0,45,AVOID_LEFT,,1.01,1.30,0.98
46.52,FLYING,RETURN,0,,,,,97,0,11,0,0,45,AVOID_LEFT,,1.29,1.25,0.97
46.58,FLYING,RETURN,0,,,,,97,0,11,0,0,45,AVOID_LEFT,,1.43,1.32,0.98
46.63,FLYING,RETURN,0,,,,,97,0,11,0,0,45,AVOID_LEFT,,1.34,1.25,0.65
46.68,FLYING,RETURN,0,,,,,97,0,11,0,0,45,AVOID_LEFT,,1.28,1.32,0.48
46.74,FLYING,RETURN,0,,,,,97,0,11,0,0,45,CRUISE,,1.25,1.22,0.35
46.81,FLYING,RETURN,0,,,,,97,0,11,0,0,45,CRUISE,,1.42,1.05,0.27
46.86,FLYING,RETURN,0,,,,,97,0,11,0,0,45,CRUISE,,1.50,0.61,0.23
46.92,FLYING,RETURN,0,,,,,97,0,11,0,0,45,CRUISE,,1.27,0.40,0.21
46.97,FLYING,RETURN,0,,,,,97,0,11,0,0,45,CRUISE,,1.01,0.32,0.22
47.03,FLYING,RETURN,0,,,,,97,0,11,0,0,45,CRUISE,,0.84,0.28,0.23
47.08,FLYING,RETURN,0,,,,,97,0,11,0,0,45,CRUISE,,0.75,0.24,0.21
47.13,FLYING,RETURN,0,,,,,97,0,11,0,0,45,CRUISE,,1.59,0.22,0.20
47.19,FLYING,RETURN,0,,,,,97,0,11,0,0,45,CRUISE,,2.01,0.22,0.21
47.24,FLYING,RETURN,0,,,,,97,0,11,0,0,45,CRUISE,,1.25,0.91,0.22
47.30,FLYING,RETURN,0,,,,,97,0,11,0,0,45,CRUISE,,0.87,1.26,0.22
47.35,FLYING,RETURN,0,,,,,97,0,11,0,0,45,CRUISE,,0.89,1.41,0.22
47.41,FLYING,RETURN,0,,,,,97,0,11,0,0,45,CRUISE,,0.90,1.16,0.25
47.46,FLYING,RETURN,0,,,,,97,0,11,0,0,45,CRUISE,,0.75,0.84,0.26
47.52,FLYING,RETURN,0,,,,,97,0,11,0,0,45,CRUISE,,0.68,0.68,0.25
47.57,FLYING,RETURN,0,,,,,97,0,11,0,0,45,CRUISE,,1.68,0.71,0.24
47.63,FLYING,RETURN,0,,,,,97,0,11,0,0,45,AVOID_RIGHT,,2.19,0.73,0.28
47.68,FLYING,RETURN,0,,,,,97,0,11,0,0,45,AVOID_RIGHT,,1.97,0.75,0.29
47.74,FLYING,RETURN,0,,,,,97,0,11,0,0,45,AVOID_RIGHT,,1.86,1.08,0.33
47.79,FLYING,RETURN,0,,,,,97,0,11,0,0,45,AVOID_RIGHT,,1.35,1.24,0.29
47.85,FLYING,RETURN,0,,,,,97,0,11,0,0,45,CRUISE,,1.61,1.90,0.29
47.90,FLYING,RETURN,0,,,,,97,0,11,0,0,45,CRUISE,,1.29,2.23,0.29
47.96,FLYING,RETURN,0,,,,,97,0,11,0,0,45,CRUISE,,1.12,1.93,0.29
48.02,FLYING,RETURN,0,,,,,97,0,11,0,0,45,AVOID_RIGHT,,0.95,1.35,0.26
48.07,FLYING,RETURN,0,,,,,97,0,11,0,0,45,AVOID_RIGHT,,0.82,0.94,0.24
48.12,FLYING,RETURN,0,,,,,97,0,11,0,0,45,AVOID_RIGHT,,0.76,0.72,0.45
48.18,FLYING,RETURN,0,,,,,97,0,11,0,0,45,AVOID_RIGHT,,0.94,0.63,0.61
48.23,FLYING,RETURN,0,,,,,97,0,11,0,0,45,AVOID_RIGHT,,1.03,1.04,0.68
48.29,FLYING,RETURN,0,,,,,97,0,11,0,0,45,CRUISE,,0.87,1.40,0.72
48.34,FLYING,RETURN,0,,,,,97,0,11,0,0,45,CRUISE,,0.78,1.57,0.55
48.40,FLYING,RETURN,0,,,,,97,0,11,0,0,45,CRUISE,,1.11,1.28,0.46
48.45,FLYING,RETURN,0,,,,,97,0,11,0,0,45,CRUISE,,1.27,0.95,0.78
48.51,FLYING,RETURN,0,,,,,97,0,11,0,0,45,CRUISE,,1.25,0.71,0.95
48.56,FLYING,RETURN,0,,,,,97,0,11,0,0,45,CRUISE,,1.24,0.59,0.61
48.62,FLYING,RETURN,0,,,,,97,0,11,0,0,45,CRUISE,,1.27,0.63,0.44
48.67,FLYING,RETURN,0,,,,,97,0,11,0,0,45,CRUISE,,1.28,0.67,0.43
48.73,FLYING,RETURN,0,,,,,97,0,11,0,0,45,CRUISE,,1.34,0.80,0.75
48.78,FLYING,RETURN,0,,,,,97,0,11,0,0,45,CRUISE,,1.38,0.96,0.91
48.84,FLYING,RETURN,0,,,,,97,0,11,0,0,45,CRUISE,,1.39,1.30,0.61
48.89,FLYING,RETURN,0,,,,,97,0,11,0,0,45,CRUISE,,1.83,1.47,0.42
48.95,FLYING,RETURN,0,,,,,97,0,11,0,0,45,AVOID_RIGHT,,1.82,1.50,0.30
49.00,FLYING,RETURN,0,,,,,97,0,11,0,0,45,AVOID_RIGHT,,1.82,1.10,0.25
49.06,FLYING,RETURN,0,,,,,97,0,11,0,0,45,AVOID_RIGHT,,1.82,0.94,0.30
49.11,FLYING,RETURN,0,,,,,97,0,11,0,0,45,AVOID_RIGHT,,1.28,0.86,0.56
49.17,FLYING,RETURN,0,,,,,97,0,11,0,0,45,AVOID_RIGHT,,1.01,0.82,0.70
49.22,FLYING,RETURN,0,,,,,97,0,11,0,0,45,CRUISE,,1.48,0.69,1.07
49.28,FLYING,RETURN,0,,,,,97,0,11,0,0,45,CRUISE,,1.87,0.63,1.26
49.33,FLYING,RETURN,0,,,,,97,0,11,0,0,45,CRUISE,,2.07,0.88,1.13
49.39,FLYING,RETURN,0,,,,,97,0,11,0,0,45,AVOID_RIGHT,,1.68,1.14,1.06
49.44,FLYING,RETURN,0,,,,,97,0,11,0,0,45,AVOID_RIGHT,,1.30,1.64,0.69
49.50,FLYING,SEARCH,0,,,,,97,0,7,0,0,45,AVOID_RIGHT,,1.30,1.52,0.50
49.56,FLYING,SEARCH,0,,,,,97,0,5,0,0,45,AVOID_RIGHT,,1.81,0.97,0.37
49.61,FLYING,SCARED,0,,,,,97,0,-40,0,0,45,ESCAPE,RIGHT,3.19,0.69,0.28
49.67,FLYING,SCARED,0,,,,,97,0,-40,0,0,45,ESCAPE,RIGHT,2.76,0.55,0.26
49.72,FLYING,SCARED,0,,,,,97,0,-40,0,0,45,ESCAPE,RIGHT,2.12,0.63,0.26
49.78,FLYING,SCARED,0,,,,,97,0,-40,0,0,45,ESCAPE,RIGHT,1.63,0.67,0.27
49.83,FLYING,SCARED,0,,,,,97,0,-40,0,0,45,ESCAPE,RIGHT,1.39,0.65,0.27
49.89,FLYING,SCARED,0,,,,,97,0,-40,0,0,45,ESCAPE,RIGHT,1.56,0.64,0.28
49.94,FLYING,SCARED,0,,,,,97,0,-40,0,0,45,ESCAPE,RIGHT,1.65,0.84,0.45
50.00,FLYING,SCARED,0,,,,,97,0,-40,0,0,45,ESCAPE,RIGHT,1.60,1.13,0.76
50.05,FLYING,SCARED,0,,,,,97,0,-40,0,0,45,ESCAPE,RIGHT,1.58,1.64,1.21
50.11,FLYING,SCARED,0,,,,,97,0,-40,0,0,45,ESCAPE,RIGHT,2.01,2.02,1.89
50.16,FLYING,SCARED,0,,,,,97,0,-40,0,0,45,ESCAPE,RIGHT,2.22,2.21,2.23
50.22,FLYING,SCARED,0,,,,,97,0,-40,0,0,45,ESCAPE,RIGHT,1.92,1.77,1.63
50.28,FLYING,SCARED,0,,,,,97,0,-40,0,0,45,ESCAPE,RIGHT,1.77,1.54,1.33
50.33,FLYING,SCARED,0,,,,,97,0,-40,0,0,45,ESCAPE,RIGHT,1.70,1.09,0.76
50.38,FLYING,SCARED,0,,,,,97,0,-40,0,0,45,ESCAPE,RIGHT,1.32,0.82,0.48
50.44,FLYING,SCARED,0,,,,,97,0,-40,0,0,45,ESCAPE,RIGHT,1.13,0.69,1.06
50.49,FLYING,SCARED,0,,,,,97,0,-40,0,0,45,ESCAPE,RIGHT,0.87,0.62,1.35
50.55,FLYING,SCARED,0,,,,,97,0,-40,0,0,45,ESCAPE,RIGHT,0.89,0.40,0.75
50.60,FLYING,WAIT,0,,,,,97,0,-26,0,0,45,ESCAPE,RIGHT,0.90,0.28,0.45
50.66,FLYING,WAIT,0,,,,,97,0,-16,0,0,45,ESCAPE,RIGHT,0.90,0.30,0.38
50.71,FLYING,WAIT,0,,,,,97,0,-10,0,0,45,ESCAPE,RIGHT,0.70,0.41,0.65
50.77,FLYING,WAIT,0,,,,,97,0,-7,0,0,45,ESCAPE,RIGHT,0.60,0.37,0.49
50.82,FLYING,WAIT,0,,,,,97,0,-4,0,0,45,ESCAPE,RIGHT,0.55,0.23,0.39
50.88,FLYING,WAIT,0,,,,,97,0,-3,0,0,45,ESCAPE,RIGHT,0.54,0.16,0.34
50.93,FLYING,WAIT,0,,,,,97,0,-1,0,0,45,ESCAPE,RIGHT,0.53,0.36,0.73
50.99,FLYING,WAIT,0,,,,,97,0,-1,0,0,45,ESCAPE,RIGHT,0.63,0.51,0.95
51.04,FLYING,WAIT,0,,,,,97,0,0,0,0,45,ESCAPE,RIGHT,0.78,0.61,1.04
51.10,FLYING,WAIT,0,,,,,97,0,0,0,0,45,ESCAPE,RIGHT,0.85,0.66,1.11
51.15,FLYING,WAIT,0,,,,,97,0,0,0,0,45,ESCAPE,RIGHT,0.77,0.73,1.32
51.20,FLYING,WAIT,0,,,,,97,0,0,0,0,45,ESCAPE,RIGHT,0.72,0.76,1.43
51.26,FLYING,WAIT,0,,,,,97,0,0,0,0,45,CRUISE,,0.92,0.72,1.23
51.31,FLYING,WAIT,0,,,,,97,0,0,0,0,45,CRUISE,,1.02,0.70,1.12
51.37,FLYING,WAIT,0,,,,,97,0,0,0,0,45,CRUISE,,0.95,0.67,0.92
51.42,FLYING,WAIT,0,,,,,97,0,0,0,0,45,CRUISE,,0.91,0.64,0.79
51.48,FLYING,WAIT,0,,,,,97,0,0,0,0,45,CRUISE,,0.89,0.46,0.43
51.53,FLYING,WAIT,0,,,,,97,0,0,0,0,45,CRUISE,,0.76,0.37,0.22
51.59,FLYING,WAIT,0,,,,,97,0,0,0,0,45,CRUISE,,0.70,0.35,0.12
51.64,FLYING,WAIT,0,,,,,97,0,0,0,0,45,CRUISE,,1.02,0.73,0.62
51.70,FLYING,WAIT,0,,,,,97,0,0,0,0,45,CRUISE,,1.17,0.91,0.88
51.75,FLYING,WAIT,0,,,,,97,0,0,0,0,45,CRUISE,,0.91,0.82,0.86
51.81,FLYING,WAIT,0,,,,,97,0,0,0,0,45,CRUISE,,0.78,0.77,0.86
51.86,FLYING,WAIT,0,,,,,97,0,0,0,0,45,CRUISE,,0.82,0.83,0.93
51.91,FLYING,WAIT,0,,,,,97,0,0,0,0,45,CRUISE,,0.89,0.87,0.99
51.97,FLYING,WAIT,0,,,,,97,0,0,0,0,45,CRUISE,,1.41,1.47,1.42
52.02,FLYING,WAIT,0,,,,,97,0,0,0,0,45,CRUISE,,1.67,1.78,1.64
52.08,FLYING,WAIT,0,,,,,97,0,0,0,0,45,CRUISE,,1.37,1.17,1.67
52.13,FLYING,WAIT,0,,,,,97,0,0,0,0,45,CRUISE,,1.16,0.87,1.60
52.19,FLYING,WAIT,0,,,,,97,0,0,0,0,45,CRUISE,,0.90,0.73,1.28
52.24,FLYING,WAIT,0,,,,,97,0,0,0,0,45,CRUISE,,0.72,0.65,1.00
52.30,FLYING,WAIT,0,,,,,97,0,0,0,0,44,CRUISE,,0.54,0.43,0.64
52.35,FLYING,WAIT,0,,,,,97,0,0,0,0,44,CRUISE,,0.42,0.29,0.39
52.41,FLYING,WAIT,0,,,,,97,0,0,0,0,44,CRUISE,,0.35,0.19,0.23
52.46,FLYING,WAIT,0,,,,,97,0,0,0,0,44,CRUISE,,0.37,0.14,0.15
52.51,FLYING,WAIT,0,,,,,97,0,0,0,0,44,CRUISE,,0.41,0.11,0.15
52.57,FLYING,WAIT,0,,,,,97,0,0,0,0,44,CRUISE,,0.42,0.11,0.15
52.63,FLYING,WAIT,0,,,,,97,0,0,0,0,44,CRUISE,,0.43,0.15,0.16
52.69,FLYING,WAIT,0,,,,,97,0,0,0,0,44,CRUISE,,0.41,0.17,0.16
52.76,FLYING,WAIT,0,,,,,97,0,0,0,0,44,CRUISE,,0.33,0.17,0.17
52.82,FLYING,WAIT,0,,,,,97,0,0,0,0,44,CRUISE,,0.29,0.16,0.17
52.88,FLYING,WAIT,0,,,,,97,0,0,0,0,44,CRUISE,,0.35,0.17,0.18
52.93,FLYING,WAIT,0,,,,,97,0,0,0,0,44,CRUISE,,0.39,0.18,0.19
52.99,FLYING,WAIT,0,,,,,97,0,0,0,0,44,CRUISE,,0.52,0.20,0.21
53.05,FLYING,WAIT,0,,,,,97,0,0,0,0,44,CRUISE,,0.63,0.27,0.25
53.11,FLYING,WAIT,0,,,,,97,0,0,0,0,44,CRUISE,,0.69,0.37,0.27
53.17,FLYING,WAIT,0,,,,,97,0,0,0,0,44,CRUISE,,0.53,0.42,0.28
53.22,FLYING,WAIT,0,,,,,97,0,0,0,0,44,CRUISE,,0.43,0.40,0.23
53.28,FLYING,WAIT,0,,,,,97,0,0,0,0,44,CRUISE,,0.37,0.39,0.21
53.34,FLYING,WAIT,0,,,,,97,0,0,0,0,44,CRUISE,,0.37,0.44,0.26
53.40,FLYING,WAIT,0,,,,,97,0,0,0,0,44,CRUISE,,0.37,0.49,0.30
53.46,FLYING,WAIT,0,,,,,97,0,0,0,0,44,CRUISE,,0.68,0.80,0.56
53.52,FLYING,WAIT,0,,,,,97,0,0,0,0,44,CRUISE,,0.83,0.95,0.69
53.58,FLYING,WAIT,0,,,,,97,0,0,0,0,44,CRUISE,,0.77,0.78,0.58
53.64,FLYING,WAIT,0,,,,,97,0,0,0,0,44,CRUISE,,0.73,0.69,0.47
53.70,FLYING,WAIT,0,,,,,97,0,0,0,0,44,CRUISE,,0.71,0.64,0.41
53.76,FLYING,WAIT,0,,,,,97,0,0,0,0,44,CRUISE,,0.46,0.54,0.32
53.81,FLYING,WAIT,0,,,,,97,0,0,0,0,44,CRUISE,,0.33,0.49,0.27
53.87,FLYING,WAIT,0,,,,,97,0,0,0,0,44,CRUISE,,0.44,0.52,0.55
53.93,FLYING,WAIT,0,,,,,97,0,0,0,0,44,CRUISE,,0.50,0.54,0.69
53.99,FLYING,WAIT,0,,,,,97,0,0,0,0,44,CRUISE,,0.32,0.35,0.43
54.05,FLYING,WAIT,0,,,,,97,0,0,0,0,44,CRUISE,,0.23,0.25,0.31
54.12,FLYING,WAIT,0,,,,,97,0,0,0,0,44,CRUISE,,0.18,0.20,0.27
54.18,FLYING,WAIT,0,,,,,97,0,0,0,0,44,CRUISE,,0.16,0.17,0.25
54.24,FLYING,WAIT,0,,,,,97,0,0,0,0,44,CRUISE,,0.16,0.17,0.23
54.30,FLYING,WAIT,0,,,,,97,0,0,0,0,44,CRUISE,,0.16,0.16,0.21
54.36,FLYING,WAIT,0,,,,,97,0,0,0,0,44,CRUISE,,0.15,0.14,0.17
54.42,FLYING,WAIT,0,,,,,97,0,0,0,0,44,CRUISE,,0.14,0.12,0.15
54.47,FLYING,WAIT,0,,,,,97,0,0,0,0,44,CRUISE,,0.15,0.13,0.15
54.53,FLYING,WAIT,0,,,,,97,0,0,0,0,44,CRUISE,,0.17,0.13,0.15
54.58,FLYING,WAIT,0,,,,,97,0,0,0,0,44,CRUISE,,0.18,0.14,0.15
54.63,FLYING,WAIT,0,,,,,97,0,0,0,0,44,CRUISE,,0.19,0.15,0.15
54.69,FLYING,WAIT,0,,,,,97,0,0,0,0,44,CRUISE,,0.19,0.15,0.13
54.74,FLYING,WAIT,0,,,,,97,0,0,0,0,44,CRUISE,,0.20,0.15,0.14
54.80,FLYING,WAIT,0,,,,,97,0,0,0,0,44,CRUISE,,0.25,0.15,0.12
54.85,FLYING,WAIT,0,,,,,97,0,0,0,0,44,CRUISE,,0.27,0.14,0.09
54.91,FLYING,WAIT,0,,,,,97,0,0,0,0,44,CRUISE,,0.38,0.14,0.08
54.96,FLYING,WAIT,0,,,,,97,0,0,0,0,44,CRUISE,,0.51,0.14,0.08
55.02,FLYING,WAIT,0,,,,,97,0,0,0,0,44,CRUISE,,0.83,0.16,0.11
55.07,FLYING,WAIT,0,,,,,97,0,0,0,0,44,CRUISE,,1.04,0.21,0.13
55.12,FLYING,WAIT,0,,,,,97,0,0,0,0,44,CRUISE,,1.15,0.24,0.14
55.18,FLYING,WAIT,0,,,,,97,0,0,0,0,44,CRUISE,,0.81,0.25,0.14
55.23,FLYING,WAIT,0,,,,,97,0,0,0,0,44,CRUISE,,0.56,0.24,0.15
55.29,FLYING,WAIT,0,,,,,97,0,0,0,0,44,CRUISE,,0.42,0.25,0.17
55.34,FLYING,WAIT,0,,,,,97,0,0,0,0,44,CRUISE,,0.30,0.24,0.16
55.40,FLYING,WAIT,0,,,,,97,0,0,0,0,44,CRUISE,,0.24,0.25,0.18
55.45,FLYING,WAIT,0,,,,,97,0,0,0,0,44,CRUISE,,0.40,0.48,0.78
55.51,FLYING,WAIT,0,,,,,97,0,0,0,0,44,CRUISE,,0.48,0.60,1.09
55.56,FLYING,WAIT,0,,,,,97,0,0,0,0,44,CRUISE,,0.31,0.38,0.65
55.61,FLYING,WAIT,0,,,,,97,0,0,0,0,44,CRUISE,,0.22,0.27,0.43
55.67,FLYING,WAIT,0,,,,,97,0,0,0,0,44,CRUISE,,0.18,0.25,0.39
55.72,FLYING,WAIT,0,,,,,97,0,0,0,0,44,CRUISE,,0.16,0.25,0.37
55.78,FLYING,WAIT,0,,,,,97,0,0,0,0,44,CRUISE,,0.15,0.19,0.29
55.83,FLYING,WAIT,0,,,,,97,0,0,0,0,44,CRUISE,,0.19,0.17,0.26
55.89,FLYING,WAIT,0,,,,,97,0,0,0,0,44,CRUISE,,0.51,0.68,0.55
55.94,FLYING,WAIT,0,,,,,97,0,0,0,0,44,CRUISE,,0.67,0.93,0.69
56.00,FLYING,WAIT,0,,,,,97,0,0,0,0,44,CRUISE,,0.73,0.85,0.77
56.05,FLYING,WAIT,0,,,,,97,0,0,0,0,44,CRUISE,,0.73,0.80,0.94
56.10,FLYING,WAIT,0,,,,,97,0,0,0,0,44,CRUISE,,0.73,0.77,1.03
56.16,FLYING,WAIT,0,,,,,97,0,0,0,0,44,CRUISE,,0.60,0.44,0.63
56.21,FLYING,WAIT,0,,,,,97,0,0,0,0,44,CRUISE,,0.43,0.28,0.39
56.27,FLYING,WAIT,0,,,,,97,0,0,0,0,44,CRUISE,,0.34,0.23,0.26
56.32,FLYING,WAIT,0,,,,,97,0,0,0,0,44,CRUISE,,0.29,0.20,0.19
56.38,FLYING,WAIT,0,,,,,97,0,0,0,0,44,CRUISE,,0.27,0.19,0.16
56.43,FLYING,WAIT,0,,,,,97,0,0,0,0,44,CRUISE,,0.57,0.49,0.56
56.48,FLYING,WAIT,0,,,,,97,0,0,0,0,44,CRUISE,,0.39,0.35,0.33
56.54,FLYING,WAIT,0,,,,,97,0,0,0,0,44,CRUISE,,0.63,0.28,0.22
56.61,FLYING,WAIT,0,,,,,97,0,0,0,0,44,CRUISE,,0.88,0.24,0.16
56.66,FLYING,WAIT,0,,,,,97,0,0,0,0,44,CRUISE,,1.01,0.42,0.31
56.71,FLYING,WAIT,0,,,,,97,0,0,0,0,44,CRUISE,,1.07,0.56,0.39
56.77,FLYING,WAIT,0,,,,,97,0,0,0,0,44,CRUISE,,1.07,0.66,0.89
56.82,FLYING,WAIT,0,,,,,97,0,0,0,0,44,CRUISE,,1.10,0.70,1.14
56.88,FLYING,WAIT,0,,,,,97,0,0,0,0,44,CRUISE,,1.42,0.75,1.13
56.93,FLYING,WAIT,0,,,,,97,0,0,0,0,44,CRUISE,,1.58,0.81,1.12
56.99,FLYING,WAIT,0,,,,,97,0,0,0,0,44,CRUISE,,1.68,1.03,1.14
57.04,FLYING,WAIT,0,,,,,97,0,0,0,0,44,CRUISE,,1.71,1.14,1.14
57.10,FLYING,WAIT,0,,,,,97,0,0,0,0,44,CRUISE,,1.50,0.80,0.68
57.16,FLYING,WAIT,0,,,,,97,0,0,0,0,44,CRUISE,,1.39,0.62,0.44
57.21,FLYING,WAIT,0,,,,,97,0,0,0,0,44,CRUISE,,1.44,0.54,0.33
57.27,FLYING,WAIT,0,,,,,97,0,0,0,0,43,CRUISE,,1.73,0.51,0.31
57.32,FLYING,WAIT,0,,,,,97,0,0,0,0,43,CRUISE,,1.88,0.56,0.30
57.38,FLYING,WAIT,0,,,,,97,0,0,0,0,43,AVOID_RIGHT,,1.63,0.58,0.28
57.43,FLYING,WAIT,0,,,,,97,0,0,0,0,43,AVOID_RIGHT,,1.51,0.59,0.27
57.49,FLYING,WAIT,0,,,,,97,0,0,0,0,43,AVOID_RIGHT,,2.07,0.56,0.27
57.54,FLYING,WAIT,0,,,,,97,0,0,0,0,43,AVOID_RIGHT,,2.48,0.55,0.26
57.60,FLYING,WAIT,0,,,,,97,0,0,0,0,43,ESCAPE,RIGHT,2.69,0.49,0.22
57.65,FLYING,WAIT,0,,,,,97,0,0,0,0,43,ESCAPE,RIGHT,2.12,0.45,0.19
57.71,FLYING,WAIT,0,,,,,97,0,0,0,0,43,ESCAPE,RIGHT,1.75,0.38,0.15
57.76,FLYING,WAIT,0,,,,,97,0,0,0,0,43,ESCAPE,RIGHT,1.56,0.32,0.13
57.82,FLYING,WAIT,0,,,,,97,0,0,0,0,43,ESCAPE,RIGHT,1.42,0.27,0.12
57.87,FLYING,WAIT,0,,,,,97,0,0,0,0,43,ESCAPE,RIGHT,1.35,0.24,0.12
57.93,FLYING,WAIT,0,,,,,97,0,0,0,0,43,ESCAPE,RIGHT,1.31,0.18,0.12
57.98,FLYING,WAIT,0,,,,,97,0,0,0,0,43,ESCAPE,RIGHT,1.68,0.12,0.11
58.04,FLYING,WAIT,0,,,,,97,0,0,0,0,43,ESCAPE,RIGHT,2.23,0.09,0.10
58.09,FLYING,WAIT,0,,,,,97,0,0,0,0,43,ESCAPE,RIGHT,3.14,0.47,0.78
58.15,FLYING,WAIT,0,,,,,97,0,0,0,0,43,ESCAPE,RIGHT,3.60,0.66,1.11
58.20,FLYING,WAIT,0,,,,,97,0,0,0,0,43,ESCAPE,RIGHT,3.14,0.38,0.62
58.26,FLYING,WAIT,0,,,,,97,0,0,0,0,43,ESCAPE,RIGHT,2.64,0.24,0.34
58.31,FLYING,WAIT,0,,,,,97,0,0,0,0,43,ESCAPE,RIGHT,2.00,0.17,0.21
58.37,FLYING,WAIT,0,,,,,97,0,0,0,0,43,ESCAPE,RIGHT,1.18,0.13,0.17
58.42,FLYING,WAIT,0,,,,,97,0,0,0,0,43,ESCAPE,RIGHT,0.73,0.13,0.15
58.48,FLYING,WAIT,0,,,,,97,0,0,0,0,43,ESCAPE,RIGHT,0.55,0.13,0.12
58.53,FLYING,WAIT,0,,,,,97,0,0,0,0,43,ESCAPE,RIGHT,0.41,0.13,0.10
58.59,FLYING,WAIT,0,,,,,97,0,0,0,0,43,ESCAPE,RIGHT,0.33,0.11,0.10
58.64,FLYING,WAIT,0,,,,,97,0,0,0,0,43,ESCAPE,RIGHT,0.30,0.10,0.13
58.70,FLYING,WAIT,0,,,,,97,0,0,0,0,43,ESCAPE,RIGHT,0.28,0.10,0.15
58.75,FLYING,WAIT,0,,,,,97,0,0,0,0,43,ESCAPE,RIGHT,0.21,0.10,0.16
58.81,FLYING,WAIT,0,,,,,97,0,0,0,0,43,ESCAPE,RIGHT,0.18,0.10,0.15
58.86,FLYING,WAIT,0,,,,,97,0,0,0,0,43,ESCAPE,RIGHT,0.18,0.09,0.13
58.92,FLYING,WAIT,0,,,,,97,0,0,0,0,43,ESCAPE,RIGHT,0.18,0.09,0.12
58.97,FLYING,WAIT,0,,,,,97,0,0,0,0,43,ESCAPE,RIGHT,0.18,0.09,0.11
59.03,FLYING,WAIT,0,,,,,97,0,0,0,0,43,ESCAPE,RIGHT,0.51,0.58,0.46
59.08,FLYING,WAIT,0,,,,,97,0,0,0,0,43,ESCAPE,RIGHT,0.68,0.83,0.63
59.13,FLYING,WAIT,0,,,,,97,0,0,0,0,43,ESCAPE,RIGHT,0.61,0.75,0.72
59.19,FLYING,WAIT,0,,,,,97,0,0,0,0,43,ESCAPE,RIGHT,0.57,0.70,0.81
59.24,FLYING,WAIT,0,,,,,97,0,0,0,0,43,CRUISE,,0.55,0.68,0.86
59.30,FLYING,WAIT,0,,,,,97,0,0,0,0,43,CRUISE,,0.36,0.55,0.50
59.35,FLYING,WAIT,0,,,,,97,0,0,0,0,43,CRUISE,,0.27,0.45,0.31
59.41,FLYING,WAIT,0,,,,,97,0,0,0,0,43,CRUISE,,0.22,0.39,0.22
59.46,FLYING,WAIT,0,,,,,97,0,0,0,0,43,CRUISE,,0.21,0.32,0.22
59.52,FLYING,WAIT,0,,,,,97,0,0,0,0,43,CRUISE,,0.20,0.29,0.17
59.57,FLYING,WAIT,0,,,,,97,0,0,0,0,43,CRUISE,,0.23,0.30,0.14
59.62,FLYING,WAIT,0,,,,,97,0,0,0,0,43,CRUISE,,0.24,0.41,0.13
59.68,FLYING,WAIT,0,,,,,97,0,0,0,0,43,CRUISE,,0.55,0.74,0.60
59.73,FLYING,WAIT,0,,,,,97,0,0,0,0,43,CRUISE,,0.72,0.91,0.84
59.79,FLYING,WAIT,0,,,,,97,0,0,0,0,43,CRUISE,,0.80,0.86,0.85
59.84,FLYING,WAIT,0,,,,,97,0,0,0,0,43,CRUISE,,0.84,0.83,0.86
59.90,FLYING,WAIT,0,,,,,97,0,0,0,0,43,CRUISE,,0.87,0.84,0.93
59.95,FLYING,WAIT,0,,,,,97,0,0,0,0,43,CRUISE,,0.94,0.88,0.99
60.00,FLYING,WAIT,0,,,,,97,0,0,0,0,43,CRUISE,,0.94,0.91,0.99
60.06,FLYING,WAIT,0,,,,,97,0,0,0,0,43,CRUISE,,0.93,0.93,0.99
60.11,FLYING,WAIT,0,,,,,97,0,0,0,0,43,CRUISE,,0.63,0.53,0.53
60.17,FLYING,WAIT,0,,,,,97,0,0,0,0,43,CRUISE,,0.38,0.34,0.30
60.22,FLYING,WAIT,0,,,,,97,0,0,0,0,43,CRUISE,,0.24,0.24,0.20
60.28,FLYING,WAIT,0,,,,,97,0,0,0,0,43,CRUISE,,0.19,0.17,0.18
60.33,FLYING,WAIT,0,,,,,97,0,0,0,0,43,CRUISE,,0.17,0.12,0.19
60.39,FLYING,WAIT,0,,,,,97,0,0,0,0,43,CRUISE,,0.18,0.09,0.24
60.44,FLYING,WAIT,0,,,,,97,0,0,0,0,43,CRUISE,,0.19,0.11,0.26
60.50,FLYING,WAIT,0,,,,,97,0,0,0,0,43,CRUISE,,0.19,0.16,0.25
60.55,FLYING,WAIT,0,,,,,97,0,0,0,0,43,CRUISE,,0.19,0.20,0.19
60.61,FLYING,RETURN,0,,,,,97,0,4,0,0,43,CRUISE,,0.19,0.22,0.16
60.66,FLYING,RETURN,0,,,,,97,0,6,0,0,43,CRUISE,,0.17,0.19,0.14
60.71,FLYING,RETURN,0,,,,,97,0,8,0,0,43,CRUISE,,0.18,0.18,0.14
60.77,FLYING,RETURN,0,,,,,97,0,9,0,0,43,CRUISE,,0.24,0.18,0.14
60.82,FLYING,RETURN,0,,,,,97,0,10,0,0,43,CRUISE,,0.32,0.21,0.13
60.88,FLYING,RETURN,0,,,,,97,0,11,0,0,43,CRUISE,,0.39,0.22,0.14
60.93,FLYING,RETURN,0,,,,,97,0,11,0,0,43,CRUISE,,0.70,0.23,0.14
60.99,FLYING,RETURN,0,,,,,97,0,11,0,0,43,CRUISE,,0.94,0.41,0.53
61.04,FLYING,RETURN,0,,,,,97,0,11,0,0,43,CRUISE,,1.43,0.50,0.73
61.10,FLYING,RETURN,0,,,,,97,0,11,0,0,43,CRUISE,,1.73,0.39,0.45
61.15,FLYING,RETURN,0,,,,,97,0,11,0,0,43,AVOID_RIGHT,,1.88,0.33,0.30
61.21,FLYING,RETURN,0,,,,,97,0,11,0,0,42,AVOID_RIGHT,,1.38,0.32,0.33
61.26,FLYING,RETURN,0,,,,,97,0,11,0,0,42,AVOID_RIGHT,,1.13,0.41,0.35
61.32,FLYING,RETURN,0,,,,,97,0,11,0,0,42,AVOID_RIGHT,,1.42,0.94,0.73
61.37,FLYING,RETURN,0,,,,,97,0,11,0,0,42,AVOID_RIGHT,,1.56,1.21,0.94
61.43,FLYING,RETURN,0,,,,,97,0,11,0,0,42,CRUISE,,1.41,0.93,1.40
61.48,FLYING,RETURN,0,,,,,97,0,11,0,0,42,CRUISE,,1.30,0.72,1.63
61.53,FLYING,RETURN,0,,,,,97,0,11,0,0,42,CRUISE,,0.78,0.45,0.90
61.59,FLYING,RETURN,0,,,,,97,0,11,0,0,42,CRUISE,,0.53,0.32,0.53
61.64,FLYING,RETURN,0,,,,,97,0,11,0,0,42,CRUISE,,0.43,0.30,0.35
61.70,FLYING,RETURN,0,,,,,97,0,11,0,0,42,CRUISE,,0.38,0.30,0.26
61.75,FLYING,RETURN,0,,,,,97,0,11,0,0,42,CRUISE,,0.32,0.30,0.21
61.81,FLYING,RETURN,0,,,,,97,0,11,0,0,42,CRUISE,,0.29,0.25,0.15
61.86,FLYING,RETURN,0,,,,,97,0,11,0,0,42,CRUISE,,0.79,0.15,0.11
61.92,FLYING,RETURN,0,,,,,97,0,11,0,0,42,CRUISE,,1.28,0.11,0.10
61.97,FLYING,RETURN,0,,,,,97,0,11,0,0,42,CRUISE,,1.79,0.21,0.30
62.03,FLYING,RETURN,0,,,,,97,0,11,0,0,42,AVOID_RIGHT,,2.31,1.71,0.88
62.08,FLYING,SCARED,0,,,,,97,0,-40,0,0,42,ESCAPE,LEFT,2.61,2.50,2.22
62.14,FLYING,SCARED,0,,,,,97,0,-40,0,0,42,ESCAPE,LEFT,3.38,2.93,2.89
62.19,FLYING,SCARED,0,,,,,97,0,-40,0,0,42,ESCAPE,LEFT,3.77,3.14,2.20
62.25,FLYING,SCARED,0,,,,,97,0,-40,0,0,42,ESCAPE,LEFT,2.78,2.54,1.78
62.30,FLYING,SCARED,0,,,,,97,0,-40,0,0,42,ESCAPE,LEFT,2.14,1.47,1.01
62.36,FLYING,SCARED,0,,,,,97,0,-40,0,0,42,ESCAPE,LEFT,1.28,0.94,0.59
62.41,FLYING,SCARED,0,,,,,97,0,-40,0,0,42,ESCAPE,LEFT,0.79,0.69,0.38
62.47,FLYING,SCARED,0,,,,,97,0,-40,0,0,42,ESCAPE,LEFT,0.54,0.57,0.28
62.52,FLYING,SCARED,0,,,,,97,0,-40,0,0,42,ESCAPE,LEFT,0.39,0.52,0.23
62.57,FLYING,SCARED,0,,,,,97,0,-40,0,0,42,ESCAPE,LEFT,0.34,0.55,0.27
62.63,FLYING,SCARED,0,,,,,97,0,-40,0,0,42,ESCAPE,LEFT,0.89,0.96,0.82
62.68,FLYING,SCARED,0,,,,,97,0,-40,0,0,42,ESCAPE,LEFT,1.17,1.17,1.10
62.74,FLYING,SCARED,0,,,,,97,0,-40,0,0,42,ESCAPE,LEFT,1.15,0.94,0.91
62.79,FLYING,SCARED,0,,,,,97,0,-40,0,0,42,ESCAPE,LEFT,1.10,0.77,0.79
62.85,FLYING,SCARED,0,,,,,97,0,-40,0,0,42,ESCAPE,LEFT,1.00,0.51,0.72
62.90,FLYING,SCARED,0,,,,,97,0,-40,0,0,42,ESCAPE,LEFT,0.95,0.35,0.89
62.96,FLYING,SCARED,0,,,,,97,0,-40,0,0,42,ESCAPE,LEFT,0.92,0.27,0.97
63.01,FLYING,SCARED,0,,,,,97,0,-40,0,0,42,ESCAPE,LEFT,0.54,0.23,0.60
63.07,FLYING,WAIT,0,,,,,97,0,-26,0,0,42,ESCAPE,LEFT,0.35,0.14,0.39
63.12,FLYING,WAIT,0,,,,,97,0,-16,0,0,42,ESCAPE,LEFT,0.27,0.09,0.28
63.17,FLYING,WAIT,0,,,,,97,0,-10,0,0,42,ESCAPE,LEFT,0.65,0.75,0.60
63.23,FLYING,WAIT,0,,,,,97,0,-7,0,0,42,ESCAPE,LEFT,0.85,1.07,0.75
63.28,FLYING,WAIT,0,,,,,97,0,-4,0,0,42,ESCAPE,LEFT,0.51,0.56,0.45
63.34,FLYING,WAIT,0,,,,,97,0,-3,0,0,42,ESCAPE,LEFT,0.34,0.27,0.30
63.39,FLYING,WAIT,0,,,,,97,0,-1,0,0,42,ESCAPE,LEFT,0.25,0.14,0.20
63.45,FLYING,WAIT,0,,,,,97,0,-1,0,0,42,ESCAPE,LEFT,0.22,0.07,0.22
63.50,FLYING,WAIT,0,,,,,97,0,0,0,0,42,ESCAPE,LEFT,0.48,0.37,0.41
63.55,FLYING,WAIT,0,,,,,97,0,0,0,0,42,ESCAPE,LEFT,0.67,0.53,0.53
63.61,FLYING,WAIT,0,,,,,97,0,0,0,0,42,ESCAPE,LEFT,0.91,0.61,0.61
63.67,FLYING,WAIT,0,,,,,97,0,0,0,0,42,ESCAPE,LEFT,1.03,0.73,0.65
63.72,FLYING,WAIT,0,,,,,97,0,0,0,0,42,CRUISE,,0.99,0.81,0.68
63.77,FLYING,WAIT,0,,,,,97,0,0,0,0,42,CRUISE,,0.94,0.83,0.72
63.83,FLYING,WAIT,0,,,,,97,0,0,0,0,42,CRUISE,,0.78,0.54,0.74
63.88,FLYING,WAIT,0,,,,,97,0,0,0,0,42,CRUISE,,0.70,0.39,0.74
63.94,FLYING,WAIT,0,,,,,97,0,0,0,0,42,CRUISE,,0.38,0.20,0.39
63.99,FLYING,WAIT,0,,,,,97,0,0,0,0,42,CRUISE,,0.23,0.11,0.22
64.05,FLYING,WAIT,0,,,,,97,0,0,0,0,42,CRUISE,,0.53,0.54,0.57
64.10,FLYING,WAIT,0,,,,,97,0,0,0,0,42,CRUISE,,0.68,0.76,0.74
64.15,FLYING,WAIT,0,,,,,97,0,0,0,0,42,CRUISE,,0.60,0.53,0.72
64.21,FLYING,WAIT,0,,,,,97,0,0,0,0,42,CRUISE,,0.51,0.36,0.68
64.26,FLYING,WAIT,0,,,,,97,0,0,0,0,42,CRUISE,,0.52,0.33,0.69
64.32,FLYING,WAIT,0,,,,,97,0,0,0,0,42,CRUISE,,0.80,0.77,0.93
64.37,FLYING,WAIT,0,,,,,97,0,0,0,0,42,CRUISE,,0.96,1.02,1.07
64.43,FLYING,WAIT,0,,,,,97,0,0,0,0,42,CRUISE,,1.55,1.78,1.98
64.48,FLYING,WAIT,0,,,,,97,0,0,0,0,42,CRUISE,,1.85,2.15,2.44
64.54,FLYING,WAIT,0,,,,,97,0,0,0,0,42,CRUISE,,1.54,1.54,1.72
64.59,FLYING,WAIT,0,,,,,97,0,0,0,0,42,CRUISE,,1.39,1.15,1.36
64.65,FLYING,WAIT,0,,,,,97,0,0,0,0,42,CRUISE,,1.39,0.95,1.18
64.70,FLYING,WAIT,0,,,,,97,0,0,0,0,42,CRUISE,,1.40,0.83,0.96
64.75,FLYING,WAIT,0,,,,,97,0,0,0,0,42,CRUISE,,0.80,0.48,0.74
64.81,FLYING,WAIT,0,,,,,97,0,0,0,0,42,CRUISE,,0.50,0.29,0.46
64.86,FLYING,WAIT,0,,,,,97,0,0,0,0,42,CRUISE,,0.47,0.20,0.32
64.92,FLYING,WAIT,0,,,,,97,0,0,0,0,42,CRUISE,,0.49,0.16,0.24
64.97,FLYING,WAIT,0,,,,,97,0,0,0,0,42,CRUISE,,0.58,0.15,0.19
65.03,FLYING,WAIT,0,,,,,97,0,0,0,0,42,CRUISE,,0.62,0.16,0.18
65.08,FLYING,WAIT,0,,,,,97,0,0,0,0,42,CRUISE,,0.46,0.15,0.18
65.14,FLYING,WAIT,0,,,,,97,0,0,0,0,42,CRUISE,,0.33,0.15,0.17
65.19,FLYING,WAIT,0,,,,,97,0,0,0,0,42,CRUISE,,0.27,0.15,0.18
65.25,FLYING,WAIT,0,,,,,97,0,0,0,0,42,CRUISE,,0.23,0.14,0.17
65.30,FLYING,WAIT,0,,,,,97,0,0,0,0,42,CRUISE,,0.20,0.13,0.18
65.35,FLYING,WAIT,0,,,,,97,0,0,0,0,42,CRUISE,,0.19,0.12,0.17
65.41,FLYING,WAIT,0,,,,,97,0,0,0,0,42,CRUISE,,0.18,0.11,0.15
65.46,FLYING,WAIT,0,,,,,97,0,0,0,0,42,CRUISE,,0.20,0.11,0.15
65.52,FLYING,WAIT,0,,,,,97,0,0,0,0,42,CRUISE,,0.53,0.09,0.14
65.57,FLYING,WAIT,0,,,,,97,0,0,0,0,42,CRUISE,,0.70,0.09,0.14
65.63,FLYING,WAIT,0,,,,,97,0,0,0,0,42,CRUISE,,0.43,0.10,0.17
65.68,FLYING,WAIT,0,,,,,97,0,0,0,0,42,CRUISE,,0.29,0.10,0.18
65.74,FLYING,WAIT,0,,,,,97,0,0,0,0,42,CRUISE,,0.23,0.14,0.19
65.79,FLYING,WAIT,0,,,,,97,0,0,0,0,42,CRUISE,,0.21,0.16,0.19
65.84,FLYING,WAIT,0,,,,,97,0,0,0,0,42,CRUISE,,0.40,0.16,0.16
65.90,FLYING,WAIT,0,,,,,97,0,0,0,0,42,CRUISE,,0.50,0.14,0.15
65.95,FLYING,WAIT,0,,,,,97,0,0,0,0,42,CRUISE,,0.51,0.13,0.16
66.01,FLYING,WAIT,0,,,,,97,0,0,0,0,42,CRUISE,,0.33,0.14,0.18
66.06,FLYING,WAIT,0,,,,,97,0,0,0,0,42,CRUISE,,0.24,0.18,0.19
66.12,FLYING,WAIT,0,,,,,97,0,0,0,0,42,CRUISE,,0.57,0.20,0.19
66.17,FLYING,WAIT,0,,,,,97,0,0,0,0,42,CRUISE,,1.56,0.21,0.20
66.23,FLYING,WAIT,0,,,,,97,0,0,0,0,42,CRUISE,,2.59,0.17,0.21
66.28,FLYING,WAIT,0,,,,,97,0,0,0,0,42,AVOID_RIGHT,,3.23,0.15,0.15
66.34,FLYING,WAIT,0,,,,,97,0,0,0,0,42,AVOID_RIGHT,,4.02,0.14,0.12
66.39,FLYING,WAIT,0,,,,,97,0,0,0,0,42,ESCAPE,RIGHT,4.63,0.18,0.12
66.45,FLYING,WAIT,0,,,,,97,0,0,0,0,42,ESCAPE,RIGHT,4.94,0.19,0.13
66.50,FLYING,WAIT,0,,,,,97,0,0,0,0,42,ESCAPE,RIGHT,4.60,0.20,0.17
66.56,FLYING,WAIT,0,,,,,97,0,0,0,0,42,ESCAPE,RIGHT,4.27,0.20,0.21
66.61,FLYING,WAIT,0,,,,,97,0,0,0,0,42,ESCAPE,RIGHT,4.11,0.56,0.24
66.67,FLYING,WAIT,0,,,,,97,0,0,0,0,42,ESCAPE,RIGHT,4.03,0.74,0.26
66.72,FLYING,WAIT,0,,,,,97,0,0,0,0,42,ESCAPE,RIGHT,3.79,1.00,0.26
66.78,FLYING,WAIT,0,,,,,97,0,0,0,0,42,ESCAPE,RIGHT,4.18,1.04,0.35
66.83,FLYING,WAIT,0,,,,,97,0,0,0,0,42,ESCAPE,RIGHT,3.86,1.06,0.46
66.89,FLYING,WAIT,0,,,,,97,0,0,0,0,42,ESCAPE,RIGHT,4.08,0.71,0.98
66.94,FLYING,WAIT,0,,,,,97,0,0,0,0,42,ESCAPE,RIGHT,3.57,0.53,0.77
67.00,FLYING,WAIT,0,,,,,97,0,0,0,0,42,ESCAPE,RIGHT,3.89,0.97,1.18
67.05,FLYING,WAIT,0,,,,,97,0,0,0,0,42,ESCAPE,RIGHT,3.31,1.35,1.00
67.11,FLYING,WAIT,0,,,,,97,0,0,0,0,42,ESCAPE,RIGHT,3.16,1.55,1.29
67.17,FLYING,WAIT,0,,,,,97,0,0,0,0,42,ESCAPE,RIGHT,3.08,1.67,2.23
67.22,FLYING,WAIT,0,,,,,97,0,0,0,0,41,ESCAPE,RIGHT,3.04,1.73,2.70
67.28,FLYING,WAIT,0,,,,,97,0,0,0,0,41,ESCAPE,RIGHT,2.09,1.65,2.07
67.33,FLYING,WAIT,0,,,,,97,0,0,0,0,41,ESCAPE,RIGHT,1.61,1.04,1.76
67.39,FLYING,WAIT,0,,,,,97,0,0,0,0,41,ESCAPE,RIGHT,1.42,0.74,1.60
67.44,FLYING,WAIT,0,,,,,97,0,0,0,0,41,ESCAPE,RIGHT,1.33,0.59,1.66
67.50,FLYING,WAIT,0,,,,,97,0,0,0,0,41,ESCAPE,RIGHT,1.28,0.54,2.68
67.55,FLYING,WAIT,0,,,,,97,0,0,0,0,41,ESCAPE,RIGHT,1.38,0.62,3.20
67.61,FLYING,WAIT,0,,,,,97,0,0,0,0,41,ESCAPE,RIGHT,2.07,0.68,2.64
67.67,FLYING,WAIT,0,,,,,97,0,0,0,0,41,ESCAPE,RIGHT,2.52,0.71,2.15
67.72,FLYING,WAIT,0,,,,,97,0,0,0,0,41,ESCAPE,RIGHT,2.75,0.73,1.82
67.78,FLYING,WAIT,0,,,,,97,0,0,0,0,41,ESCAPE,RIGHT,2.26,1.08,1.52
67.83,FLYING,WAIT,0,,,,,97,0,0,0,0,41,ESCAPE,RIGHT,1.86,0.88,1.12
67.88,FLYING,WAIT,0,,,,,97,0,0,0,0,41,ESCAPE,RIGHT,1.42,1.36,0.69
67.94,FLYING,WAIT,0,,,,,97,0,0,0,0,41,ESCAPE,RIGHT,1.20,1.34,0.45
68.00,FLYING,WAIT,0,,,,,97,0,0,0,0,41,ESCAPE,RIGHT,1.42,1.33,0.35
68.05,FLYING,WAIT,0,,,,,97,0,0,0,0,41,CRUISE,,1.55,1.21,0.44
68.11,FLYING,WAIT,0,,,,,97,0,0,0,0,41,AVOID_RIGHT,,1.61,1.16,0.55
68.16,FLYING,WAIT,0,,,,,97,0,0,0,0,41,AVOID_RIGHT,,1.47,1.18,0.61
68.22,FLYING,WAIT,0,,,,,97,0,0,0,0,41,AVOID_RIGHT,,1.25,1.19,0.72
68.27,FLYING,WAIT,0,,,,,97,0,0,0,0,41,AVOID_RIGHT,,1.14,1.41,0.77
68.33,FLYING,WAIT,0,,,,,97,0,0,0,0,41,AVOID_RIGHT,,1.08,1.55,0.92
68.38,FLYING,WAIT,0,,,,,97,0,0,0,0,41,AVOID_LEFT,,1.03,1.94,0.99
68.44,FLYING,WAIT,0,,,,,97,0,0,0,0,41,AVOID_RIGHT,,1.00,1.82,1.02
68.49,FLYING,WAIT,0,,,,,97,0,0,0,0,41,AVOID_RIGHT,,1.08,2.07,1.08
68.55,FLYING,WAIT,0,,,,,97,0,0,0,0,41,CRUISE,,1.71,2.34,1.10
68.60,FLYING,WAIT,0,,,,,97,0,0,0,0,41,CRUISE,,1.64,2.47,1.09
68.66,FLYING,WAIT,0,,,,,97,0,0,0,0,41,CRUISE,,1.60,2.30,0.91
68.71,FLYING,WAIT,0,,,,,97,0,0,0,0,41,AVOID_LEFT,,1.58,1.77,0.77
68.77,FLYING,WAIT,0,,,,,97,0,0,0,0,41,AVOID_RIGHT,,3.70,1.48,0.60
68.82,FLYING,WAIT,0,,,,,97,0,0,0,0,41,AVOID_RIGHT,,4.76,1.36,0.51
68.88,FLYING,WAIT,0,,,,,97,0,0,0,0,41,AVOID_RIGHT,,4.26,1.59,0.49
68.93,FLYING,WAIT,0,,,,,97,0,0,0,0,41,AVOID_RIGHT,,3.76,2.04,1.02
68.99,FLYING,WAIT,0,,,,,97,0,0,0,0,41,AVOID_RIGHT,,3.38,2.26,1.28
69.04,FLYING,WAIT,0,,,,,97,0,0,0,0,41,AVOID_RIGHT,,3.16,2.37,1.35
69.10,FLYING,WAIT,0,,,,,97,0,0,0,0,41,AVOID_RIGHT,,3.05,2.59,1.30
69.16,FLYING,WAIT,0,,,,,97,0,0,0,0,41,AVOID_LEFT,,2.62,2.75,1.27
69.21,FLYING,WAIT,0,,,,,97,0,0,0,0,41,AVOID_RIGHT,,2.31,2.83,1.35
69.27,FLYING,WAIT,0,,,,,97,0,0,0,0,41,AVOID_RIGHT,,2.15,3.02,1.79
69.33,FLYING,WAIT,0,,,,,97,0,0,0,0,41,AVOID_RIGHT,,2.07,2.91,2.04
69.38,FLYING,WAIT,0,,,,,97,0,0,0,0,41,CRUISE,,1.82,2.66,2.13
69.44,FLYING,WAIT,0,,,,,97,0,0,0,0,41,CRUISE,,1.69,1.86,2.02
69.50,FLYING,WAIT,0,,,,,97,0,0,0,0,41,AVOID_LEFT,,1.68,1.47,1.90
69.55,FLYING,WAIT,0,,,,,97,0,0,0,0,41,AVOID_RIGHT,,2.17,1.60,1.84
69.61,FLYING,WAIT,0,,,,,97,0,0,0,0,41,AVOID_RIGHT,,2.42,2.65,1.98
69.66,FLYING,WAIT,0,,,,,97,0,0,0,0,41,CRUISE,,2.52,3.17,2.05
69.72,FLYING,WAIT,0,,,,,97,0,0,0,0,41,CRUISE,,2.56,2.14,1.79
69.77,FLYING,WAIT,0,,,,,97,0,0,0,0,41,ESCAPE,LEFT,2.72,1.58,1.61
69.83,FLYING,WAIT,0,,,,,97,0,0,0,0,41,ESCAPE,LEFT,3.09,1.35,1.45
69.88,FLYING,WAIT,0,,,,,97,0,0,0,0,41,ESCAPE,LEFT,3.40,1.36,1.37
69.94,FLYING,WAIT,0,,,,,97,0,0,0,0,41,ESCAPE,LEFT,3.55,1.42,1.15
69.99,FLYING,WAIT,0,,,,,97,0,0,0,0,41,ESCAPE,LEFT,3.27,1.47,1.04
70.05,FLYING,WAIT,0,,,,,97,0,0,0,0,41,ESCAPE,LEFT,2.25,1.49,0.92
70.10,FLYING,WAIT,0,,,,,97,0,0,0,0,41,ESCAPE,LEFT,1.75,0.99,0.86
70.16,FLYING,WAIT,0,,,,,97,0,0,0,0,41,ESCAPE,LEFT,1.49,0.74,1.23
70.21,FLYING,WAIT,0,,,,,97,0,0,0,0,41,ESCAPE,LEFT,1.74,0.65,1.68
70.27,FLYING,WAIT,0,,,,,97,0,0,0,0,41,ESCAPE,LEFT,1.95,0.77,2.35
70.32,FLYING,WAIT,0,,,,,97,0,0,0,0,41,ESCAPE,LEFT,2.06,1.62,2.85
70.38,FLYING,WAIT,0,,,,,97,0,0,0,0,41,ESCAPE,LEFT,1.46,2.05,3.76
70.44,FLYING,WAIT,0,,,,,97,0,0,0,0,41,ESCAPE,LEFT,1.16,2.24,4.33
70.49,FLYING,WAIT,0,,,,,97,0,0,0,0,41,ESCAPE,LEFT,1.24,1.32,4.50
70.55,FLYING,WAIT,0,,,,,97,0,0,0,0,41,ESCAPE,LEFT,1.56,0.99,4.43
70.60,FLYING,WAIT,0,,,,,97,0,0,0,0,41,ESCAPE,LEFT,2.21,0.82,3.69
70.66,FLYING,WAIT,0,,,,,97,0,0,0,0,41,ESCAPE,LEFT,2.53,0.73,3.17
70.71,FLYING,WAIT,0,,,,,97,0,0,0,0,41,ESCAPE,LEFT,2.78,0.78,2.99
70.77,FLYING,WAIT,0,,,,,97,0,0,0,0,41,ESCAPE,LEFT,2.78,1.05,2.71
70.83,FLYING,WAIT,0,,,,,97,0,0,0,0,41,ESCAPE,LEFT,2.90,1.25,2.57
70.88,FLYING,WAIT,0,,,,,97,0,0,0,0,41,ESCAPE,LEFT,2.77,1.43,1.91
70.94,FLYING,WAIT,0,,,,,97,0,0,0,0,41,ESCAPE,LEFT,2.97,1.69,1.59
70.99,FLYING,WAIT,0,,,,,97,0,0,0,0,41,ESCAPE,LEFT,2.80,2.01,1.42
71.05,FLYING,WAIT,0,,,,,97,0,0,0,0,41,ESCAPE,LEFT,1.96,2.16,1.18
71.10,FLYING,WAIT,0,,,,,97,0,0,0,0,41,ESCAPE,LEFT,1.54,2.27,1.02
71.16,FLYING,WAIT,0,,,,,97,0,0,0,0,41,ESCAPE,LEFT,2.25,2.40,0.89
71.21,FLYING,WAIT,0,,,,,97,0,0,0,0,41,ESCAPE,LEFT,2.68,2.58,0.87
71.27,FLYING,WAIT,0,,,,,97,0,0,0,0,40,ESCAPE,LEFT,2.90,3.31,1.58
71.33,FLYING,WAIT,0,,,,,97,0,0,0,0,40,ESCAPE,LEFT,2.53,3.67,2.24
71.38,FLYING,WAIT,0,,,,,97,0,0,0,0,40,ESCAPE,LEFT,2.35,2.99,2.57
71.44,FLYING,WAIT,0,,,,,97,0,0,0,0,40,AVOID_LEFT,,2.26,2.65,2.43
71.49,FLYING,WAIT,0,,,,,97,0,0,0,0,40,AVOID_LEFT,,2.19,2.55,2.36
71.55,FLYING,WAIT,0,,,,,97,0,0,0,0,40,AVOID_LEFT,,2.16,3.14,2.13
71.60,FLYING,WAIT,0,,,,,97,0,0,0,0,40,CRUISE,,2.36,3.92,2.98
71.66,FLYING,WAIT,0,,,,,97,0,0,0,0,40,CRUISE,,2.90,4.41,3.41
71.72,FLYING,WAIT,0,,,,,97,0,0,0,0,40,AVOID_LEFT,,3.17,4.56,3.62
71.77,FLYING,WAIT,0,,,,,97,0,0,0,0,40,AVOID_LEFT,,3.30,4.58,3.32
71.83,FLYING,WAIT,0,,,,,97,0,0,0,0,40,AVOID_RIGHT,,2.51,3.94,2.76
71.88,FLYING,WAIT,0,,,,,97,0,0,0,0,40,AVOID_RIGHT,,2.11,3.52,2.10
71.94,FLYING,WAIT,0,,,,,97,0,0,0,0,40,CRUISE,,1.45,1.93,1.52
71.99,FLYING,WAIT,0,,,,,97,0,0,0,0,40,AVOID_RIGHT,,1.12,1.11,1.24
72.05,FLYING,WAIT,0,,,,,97,0,0,0,0,40,AVOID_RIGHT,,0.89,0.73,0.87
72.10,FLYING,WAIT,0,,,,,97,0,0,0,0,40,AVOID_RIGHT,,0.77,0.67,0.91
72.16,FLYING,WAIT,0,,,,,97,0,0,0,0,40,AVOID_RIGHT,,0.80,0.68,0.83
72.21,FLYING,WAIT,0,,,,,97,0,0,0,0,40,AVOID_RIGHT,,1.20,0.97,0.79
72.26,FLYING,WAIT,0,,,,,97,0,0,0,0,40,AVOID_RIGHT,,1.85,1.69,0.77
72.32,FLYING,WAIT,0,,,,,97,0,0,0,0,40,AVOID_RIGHT,,2.25,2.23,1.12
72.37,FLYING,WAIT,0,,,,,97,0,0,0,0,40,AVOID_RIGHT,,2.45,2.50,1.30
72.43,FLYING,WAIT,0,,,,,97,0,0,0,0,40,AVOID_LEFT,,2.16,1.97,1.24
72.48,FLYING,WAIT,0,,,,,97,0,0,0,0,40,AVOID_LEFT,,1.89,1.58,1.02
72.54,FLYING,WAIT,0,,,,,97,0,0,0,0,40,CRUISE,,1.88,1.51,0.90
72.60,FLYING,WAIT,0,,,,,97,0,0,0,0,40,CRUISE,,2.69,2.06,0.87
72.65,FLYING,WAIT,0,,,,,97,0,0,0,0,40,CRUISE,,3.14,2.36,1.12
72.71,FLYING,WAIT,0,,,,,97,0,0,0,0,40,AVOID_RIGHT,,3.32,2.53,1.14
72.76,FLYING,WAIT,0,,,,,97,0,0,0,0,40,AVOID_RIGHT,,3.27,2.61,1.14
72.82,FLYING,WAIT,0,,,,,97,0,0,0,0,40,AVOID_RIGHT,,2.61,1.74,1.12
72.87,FLYING,WAIT,0,,,,,97,0,0,0,0,40,AVOID_RIGHT,,2.29,1.23,1.11
72.93,FLYING,WAIT,0,,,,,97,0,0,0,0,40,AVOID_RIGHT,,2.12,0.97,1.18
72.98,FLYING,WAIT,0,,,,,97,0,0,0,0,40,AVOID_RIGHT,,1.89,1.14,1.56
73.04,FLYING,WAIT,0,,,,,97,0,0,0,0,40,CRUISE,,1.72,1.36,1.74
73.09,FLYING,RETURN,0,,,,,97,0,4,0,0,40,CRUISE,,1.69,1.54,2.12
73.15,FLYING,SCARED,0,,,,,97,0,-40,0,0,40,ESCAPE,LEFT,1.58,1.63,2.37
73.20,FLYING,SCARED,0,,,,,97,0,-40,0,0,40,ESCAPE,LEFT,1.73,0.78,2.69
73.26,FLYING,SCARED,0,,,,,97,0,-40,0,0,40,ESCAPE,LEFT,1.85,0.35,2.85
73.31,FLYING,SCARED,0,,,,,97,0,-40,0,0,40,ESCAPE,LEFT,1.95,0.30,2.93
73.37,FLYING,SCARED,0,,,,,97,0,-40,0,0,40,ESCAPE,LEFT,2.28,0.41,3.03
73.42,FLYING,SCARED,0,,,,,97,0,-40,0,0,40,ESCAPE,LEFT,2.17,1.13,3.07
73.48,FLYING,SCARED,0,,,,,97,0,-40,0,0,40,ESCAPE,LEFT,2.13,1.49,2.86
73.54,FLYING,SCARED,0,,,,,97,0,-40,0,0,40,ESCAPE,LEFT,2.11,1.67,2.30
73.62,FLYING,SCARED,1,rotten,0.26,0.99,9.0,97,0,-40,0,0,40,ESCAPE,LEFT,2.49,1.50,1.86
73.68,FLYING,SCARED,0,,,,,97,0,-40,0,0,40,ESCAPE,LEFT,2.68,1.17,1.64
73.73,FLYING,SCARED,0,,,,,97,0,-40,0,0,40,ESCAPE,LEFT,2.32,0.89,1.15
73.79,FLYING,SCARED,0,,,,,97,0,-40,0,0,40,ESCAPE,LEFT,2.07,0.87,0.78
73.84,FLYING,SCARED,0,,,,,97,0,-40,0,0,40,ESCAPE,LEFT,2.02,0.82,0.45
73.90,FLYING,SCARED,0,,,,,97,0,-40,0,0,40,ESCAPE,LEFT,2.10,0.79,0.29
73.95,FLYING,SCARED,0,,,,,97,0,-40,0,0,40,ESCAPE,LEFT,2.14,0.31,0.41
74.01,FLYING,SCARED,0,,,,,97,0,-40,0,0,40,ESCAPE,LEFT,1.97,0.07,0.62
74.06,FLYING,SCARED,0,,,,,97,0,-40,0,0,40,ESCAPE,LEFT,1.88,0.95,0.73
74.12,FLYING,SCARED,0,,,,,97,0,-40,0,0,40,ESCAPE,LEFT,2.31,1.39,0.65
74.17,FLYING,WAIT,0,,,,,97,0,-26,0,0,40,ESCAPE,LEFT,2.70,2.21,0.61
74.23,FLYING,WAIT,0,,,,,97,0,-16,0,0,40,ESCAPE,LEFT,2.91,1.76,0.58
74.28,FLYING,WAIT,0,,,,,97,0,-10,0,0,40,ESCAPE,LEFT,3.02,1.53,0.57
74.34,FLYING,WAIT,0,,,,,97,0,-7,0,0,40,ESCAPE,LEFT,1.82,1.33,0.57
74.39,FLYING,WAIT,0,,,,,97,0,-4,0,0,40,ESCAPE,LEFT,1.17,1.23,0.56
74.45,FLYING,WAIT,0,,,,,97,0,-3,0,0,40,ESCAPE,LEFT,0.79,1.18,0.48
74.50,FLYING,WAIT,0,,,,,97,0,-1,0,0,40,ESCAPE,LEFT,0.60,1.13,0.43
74.56,FLYING,WAIT,0,,,,,97,0,-1,0,0,40,ESCAPE,LEFT,0.51,0.66,0.36
74.61,FLYING,WAIT,0,,,,,97,0,0,0,0,40,ESCAPE,LEFT,0.55,0.42,0.33
74.66,FLYING,WAIT,0,,,,,97,0,0,0,0,40,ESCAPE,LEFT,0.48,0.53,0.32
74.72,FLYING,WAIT,0,,,,,97,0,0,0,0,40,ESCAPE,LEFT,0.34,0.66,0.51
74.77,FLYING,WAIT,0,,,,,97,0,0,0,0,40,ESCAPE,LEFT,0.18,1.32,0.69
74.83,FLYING,WAIT,0,,,,,97,0,0,0,0,40,CRUISE,,0.10,1.65,0.78
74.88,FLYING,WAIT,0,,,,,97,0,0,0,0,40,AVOID_LEFT,,0.09,1.58,0.71
74.94,FLYING,WAIT,0,,,,,97,0,0,0,0,40,AVOID_LEFT,,0.09,1.02,0.67
74.99,FLYING,WAIT,0,,,,,97,0,0,0,0,40,AVOID_LEFT,,0.13,0.70,0.76
75.05,FLYING,WAIT,0,,,,,97,0,0,0,0,40,AVOID_LEFT,,0.23,0.50,0.81
75.10,FLYING,WAIT,0,,,,,97,0,0,0,0,40,AVOID_LEFT,,0.48,0.40,0.88
75.16,FLYING,WAIT,0,,,,,97,0,0,0,0,40,CRUISE,,0.60,0.35,0.91
75.21,FLYING,WAIT,0,,,,,97,0,0,0,0,40,CRUISE,,0.65,0.30,1.07
75.27,FLYING,WAIT,0,,,,,97,0,0,0,0,40,CRUISE,,0.66,0.50,1.59
75.32,FLYING,WAIT,0,,,,,97,0,0,0,0,40,CRUISE,,0.59,0.59,1.85
75.38,FLYING,WAIT,0,,,,,97,0,0,0,0,40,CRUISE,,0.43,1.15,1.48
75.43,FLYING,WAIT,0,,,,,97,0,0,0,0,40,CRUISE,,0.35,1.43,1.29
75.49,FLYING,WAIT,0,,,,,97,0,0,0,0,40,CRUISE,,0.30,1.22,1.25
75.54,FLYING,WAIT,0,,,,,97,0,0,0,0,40,CRUISE,,0.32,1.12,1.23
75.61,FLYING,WAIT,0,,,,,97,0,0,0,0,40,CRUISE,,0.34,1.17,1.02
75.66,FLYING,WAIT,0,,,,,97,0,0,0,0,40,CRUISE,,0.35,1.25,0.87
75.72,FLYING,WAIT,0,,,,,97,0,0,0,0,40,CRUISE,,0.57,1.80,0.73
75.77,FLYING,WAIT,0,,,,,97,0,0,0,0,40,CRUISE,,0.72,2.24,0.66
75.83,FLYING,WAIT,0,,,,,97,0,0,0,0,40,CRUISE,,0.79,2.47,0.63
75.88,FLYING,WAIT,0,,,,,97,0,0,0,0,40,AVOID_LEFT,,0.72,2.58,0.68
75.94,FLYING,WAIT,0,,,,,97,0,0,0,0,40,AVOID_LEFT,,0.68,2.41,1.13
75.99,FLYING,WAIT,0,,,,,97,0,0,0,0,40,AVOID_LEFT,,0.67,2.11,1.35
76.05,FLYING,WAIT,0,,,,,97,0,0,0,0,40,CRUISE,,0.47,1.67,1.26
76.10,FLYING,WAIT,0,,,,,97,0,0,0,0,40,CRUISE,,0.37,1.45,1.01
76.16,FLYING,WAIT,0,,,,,97,0,0,0,0,40,CRUISE,,0.32,1.74,1.03
76.21,FLYING,WAIT,0,,,,,97,0,0,0,0,40,AVOID_LEFT,,0.29,1.88,1.03
76.27,FLYING,WAIT,0,,,,,97,0,0,0,0,40,AVOID_LEFT,,0.28,1.95,1.41
76.33,FLYING,WAIT,0,,,,,97,0,0,0,0,40,AVOID_LEFT,,1.28,2.42,2.37
76.38,FLYING,WAIT,0,,,,,97,0,0,0,0,40,CRUISE,,1.90,2.65,2.99
76.44,FLYING,WAIT,0,,,,,97,0,0,0,0,40,CRUISE,,2.21,2.67,3.42
76.49,FLYING,WAIT,0,,,,,97,0,0,0,0,40,AVOID_LEFT,,2.36,2.67,4.19
76.55,FLYING,WAIT,0,,,,,97,0,0,0,0,40,ESCAPE,LEFT,2.46,2.67,4.58
76.61,FLYING,WAIT,0,,,,,97,0,0,0,0,40,ESCAPE,LEFT,2.50,2.67,4.59
76.66,FLYING,WAIT,0,,,,,97,0,0,0,0,40,ESCAPE,LEFT,2.51,2.66,3.77
76.72,FLYING,WAIT,0,,,,,97,0,0,0,0,40,ESCAPE,LEFT,2.52,2.90,3.18
76.77,FLYING,WAIT,0,,,,,97,0,0,0,0,40,ESCAPE,LEFT,2.98,3.02,2.89
76.83,FLYING,WAIT,0,,,,,97,0,0,0,0,40,ESCAPE,LEFT,3.21,3.12,3.23
76.88,FLYING,WAIT,0,,,,,97,0,0,0,0,40,ESCAPE,LEFT,2.71,3.48,3.44
76.94,FLYING,WAIT,0,,,,,97,0,0,0,0,40,ESCAPE,LEFT,2.45,3.85,3.50
77.00,FLYING,WAIT,0,,,,,97,0,0,0,0,40,ESCAPE,LEFT,2.31,4.03,4.14
77.05,FLYING,WAIT,0,,,,,97,0,0,0,0,40,ESCAPE,LEFT,2.44,3.44,4.28
77.11,FLYING,WAIT,0,,,,,97,0,0,0,0,40,ESCAPE,LEFT,2.51,3.14,4.35
77.16,FLYING,WAIT,0,,,,,97,0,0,0,0,40,ESCAPE,LEFT,2.07,3.00,3.80
77.22,FLYING,WAIT,0,,,,,97,0,0,0,0,39,ESCAPE,LEFT,1.85,3.66,3.17
77.27,FLYING,WAIT,0,,,,,97,0,0,0,0,39,ESCAPE,LEFT,1.72,3.99,2.85
77.33,FLYING,WAIT,0,,,,,97,0,0,0,0,39,ESCAPE,LEFT,1.66,3.90,2.52
77.38,FLYING,WAIT,0,,,,,97,0,0,0,0,39,ESCAPE,LEFT,1.19,2.76,2.35
77.44,FLYING,WAIT,0,,,,,97,0,0,0,0,39,ESCAPE,LEFT,0.96,2.00,4.02
77.50,FLYING,WAIT,0,,,,,97,0,0,0,0,39,ESCAPE,LEFT,1.75,1.37,4.86
77.55,FLYING,WAIT,0,,,,,97,0,0,0,0,39,ESCAPE,LEFT,2.23,1.01,4.16
77.61,FLYING,WAIT,0,,,,,97,0,0,0,0,39,ESCAPE,LEFT,2.54,0.72,2.47
77.66,FLYING,WAIT,0,,,,,97,0,0,0,0,39,ESCAPE,LEFT,2.85,0.51,1.62
77.72,FLYING,WAIT,0,,,,,97,0,0,0,0,39,ESCAPE,LEFT,3.28,0.41,1.22
77.77,FLYING,WAIT,0,,,,,97,0,0,0,0,39,ESCAPE,LEFT,3.22,0.36,1.10
77.83,FLYING,WAIT,0,,,,,97,0,0,0,0,39,ESCAPE,LEFT,3.23,1.11,1.04
77.88,FLYING,WAIT,0,,,,,97,0,0,0,0,39,ESCAPE,LEFT,3.23,1.48,0.83
77.94,FLYING,WAIT,0,,,,,97,0,0,0,0,39,ESCAPE,LEFT,3.23,1.67,0.73
78.00,FLYING,WAIT,0,,,,,97,0,0,0,0,39,ESCAPE,LEFT,1.81,1.67,2.90
78.05,FLYING,WAIT,0,,,,,97,0,0,0,0,39,ESCAPE,LEFT,1.02,1.68,3.98
78.11,FLYING,WAIT,0,,,,,97,0,0,0,0,39,ESCAPE,LEFT,0.70,1.68,3.96
78.16,FLYING,WAIT,0,,,,,97,0,0,0,0,39,ESCAPE,LEFT,0.62,1.23,3.95
78.22,FLYING,WAIT,0,,,,,97,0,0,0,0,39,AVOID_LEFT,,0.58,0.78,3.07
78.27,FLYING,WAIT,0,,,,,97,0,0,0,0,39,AVOID_LEFT,,0.45,0.47,2.62
78.33,FLYING,WAIT,0,,,,,97,0,0,0,0,39,AVOID_LEFT,,0.31,0.29,2.32
78.38,FLYING,WAIT,0,,,,,97,0,0,0,0,39,AVOID_LEFT,,0.24,0.19,2.14
78.44,FLYING,WAIT,0,,,,,97,0,0,0,0,39,AVOID_LEFT,,0.21,0.12,1.81
78.49,FLYING,WAIT,0,,,,,97,0,0,0,0,39,AVOID_LEFT,,0.20,0.09,1.32
78.55,FLYING,WAIT,0,,,,,97,0,0,0,0,39,AVOID_LEFT,,0.20,0.08,0.83
78.60,FLYING,WAIT,0,,,,,97,0,0,0,0,39,AVOID_LEFT,,0.26,0.10,0.59
78.66,FLYING,WAIT,0,,,,,97,0,0,0,0,39,AVOID_LEFT,,0.31,0.09,0.35
78.71,FLYING,WAIT,0,,,,,97,0,0,0,0,39,AVOID_LEFT,,0.34,0.09,0.36
78.77,FLYING,WAIT,0,,,,,97,0,0,0,0,39,AVOID_LEFT,,0.23,0.08,0.23
78.82,FLYING,WAIT,0,,,,,97,0,0,0,0,39,AVOID_LEFT,,0.18,0.07,0.17
78.88,FLYING,WAIT,0,,,,,97,0,0,0,0,39,AVOID_LEFT,,0.16,0.07,0.13
78.93,FLYING,WAIT,0,,,,,97,0,0,0,0,39,AVOID_LEFT,,0.15,0.07,0.10
78.99,FLYING,WAIT,0,,,,,97,0,0,0,0,39,CRUISE,,0.15,0.06,0.09
79.04,FLYING,WAIT,0,,,,,97,0,0,0,0,39,CRUISE,,0.15,0.05,0.09
79.09,FLYING,WAIT,0,,,,,97,0,0,0,0,39,CRUISE,,0.16,0.50,1.09
79.15,FLYING,WAIT,0,,,,,97,0,0,0,0,39,CRUISE,,0.17,2.52,0.93
79.21,FLYING,WAIT,0,,,,,97,0,0,0,0,39,AVOID_LEFT,,0.37,3.16,0.84
79.26,FLYING,WAIT,0,,,,,97,0,0,0,0,39,AVOID_LEFT,,0.94,3.47,0.80
79.32,FLYING,WAIT,0,,,,,97,0,0,0,0,39,AVOID_LEFT,,1.23,2.48,0.68
79.37,FLYING,WAIT,0,,,,,97,0,0,0,0,39,AVOID_RIGHT,,2.26,1.88,0.38
79.43,FLYING,WAIT,0,,,,,97,0,0,0,0,39,AVOID_RIGHT,,2.77,1.56,0.24
79.48,FLYING,WAIT,0,,,,,97,0,0,0,0,39,AVOID_RIGHT,,2.36,1.40,0.17
79.54,FLYING,WAIT,0,,,,,97,0,0,0,0,39,AVOID_RIGHT,,2.01,1.16,0.30
79.60,FLYING,WAIT,0,,,,,97,0,0,0,0,39,AVOID_RIGHT,,1.28,1.28,0.36
79.66,FLYING,WAIT,0,,,,,97,0,0,0,0,39,AVOID_RIGHT,,0.84,1.06,0.66
79.71,FLYING,WAIT,0,,,,,97,0,0,0,0,39,AVOID_RIGHT,,0.48,1.01,1.71
79.77,FLYING,WAIT,0,,,,,97,0,0,0,0,39,AVOID_LEFT,,0.30,0.59,2.24
79.82,FLYING,WAIT,0,,,,,97,0,0,0,0,39,AVOID_LEFT,,0.36,0.39,1.84
79.88,FLYING,WAIT,0,,,,,97,0,0,0,0,39,AVOID_LEFT,,0.40,0.28,1.55
79.93,FLYING,WAIT,0,,,,,97,0,0,0,0,39,AVOID_LEFT,,0.27,0.18,0.99
79.99,FLYING,WAIT,0,,,,,97,0,0,0,0,39,CRUISE,,0.21,0.13,0.55
80.04,FLYING,WAIT,0,,,,,97,0,0,0,0,39,CRUISE,,0.17,0.11,0.32
80.10,FLYING,WAIT,0,,,,,97,0,0,0,0,39,CRUISE,,0.22,0.11,0.21
80.15,FLYING,WAIT,0,,,,,97,0,0,0,0,39,CRUISE,,0.29,0.36,0.24
80.20,FLYING,WAIT,0,,,,,97,0,0,0,0,39,CRUISE,,0.32,0.49,0.26
80.26,FLYING,WAIT,0,,,,,97,0,0,0,0,38,CRUISE,,0.23,0.30,0.23
80.31,FLYING,WAIT,0,,,,,97,0,0,0,0,38,CRUISE,,0.19,0.21,0.20
80.37,FLYING,WAIT,0,,,,,97,0,0,0,0,38,CRUISE,,0.18,0.17,0.17
80.42,FLYING,WAIT,0,,,,,97,0,0,0,0,38,CRUISE,,0.18,0.15,0.15
80.48,FLYING,WAIT,0,,,,,97,0,0,0,0,38,CRUISE,,0.17,0.12,0.14
80.53,FLYING,WAIT,0,,,,,97,0,0,0,0,38,CRUISE,,0.15,0.10,0.12
80.58,FLYING,WAIT,0,,,,,97,0,0,0,0,38,CRUISE,,0.14,0.09,0.12
80.64,FLYING,WAIT,0,,,,,97,0,0,0,0,38,CRUISE,,0.17,0.10,0.14
80.69,FLYING,WAIT,0,,,,,97,0,0,0,0,38,CRUISE,,0.18,0.10,0.15
80.75,FLYING,WAIT,0,,,,,97,0,0,0,0,38,CRUISE,,0.20,0.10,0.15
80.80,FLYING,WAIT,0,,,,,97,0,0,0,0,38,CRUISE,,0.18,0.09,0.12
80.86,FLYING,WAIT,0,,,,,97,0,0,0,0,38,CRUISE,,0.17,0.10,0.11
80.91,FLYING,WAIT,0,,,,,97,0,0,0,0,38,CRUISE,,0.17,0.12,0.14
80.96,FLYING,WAIT,0,,,,,97,0,0,0,0,38,CRUISE,,0.46,0.22,0.42
81.02,FLYING,WAIT,0,,,,,97,0,0,0,0,38,CRUISE,,0.60,0.29,0.59
81.07,FLYING,WAIT,0,,,,,97,0,0,0,0,38,CRUISE,,0.60,0.60,0.71
81.13,FLYING,WAIT,0,,,,,97,0,0,0,0,38,CRUISE,,0.59,0.76,0.77
81.18,FLYING,WAIT,0,,,,,97,0,0,0,0,38,CRUISE,,0.58,0.46,0.72
81.24,FLYING,WAIT,0,,,,,97,0,0,0,0,38,CRUISE,,0.63,0.32,0.60
81.29,FLYING,WAIT,0,,,,,97,0,0,0,0,38,CRUISE,,0.66,0.24,0.54
81.34,FLYING,WAIT,0,,,,,97,0,0,0,0,38,CRUISE,,0.42,0.17,0.35
81.40,FLYING,WAIT,0,,,,,97,0,0,0,0,38,CRUISE,,0.31,0.13,0.26
81.45,FLYING,WAIT,0,,,,,97,0,0,0,0,38,CRUISE,,0.31,0.30,0.23
81.51,FLYING,WAIT,0,,,,,97,0,0,0,0,38,CRUISE,,0.31,0.38,0.22
81.56,FLYING,WAIT,0,,,,,97,0,0,0,0,38,CRUISE,,0.22,0.22,0.19
81.62,FLYING,WAIT,0,,,,,97,0,0,0,0,38,CRUISE,,0.17,0.15,0.18
81.67,FLYING,WAIT,0,,,,,97,0,0,0,0,38,CRUISE,,0.40,0.22,0.34
81.73,FLYING,WAIT,0,,,,,97,0,0,0,0,38,CRUISE,,0.58,0.26,0.43
81.78,FLYING,WAIT,0,,,,,97,0,0,0,0,38,CRUISE,,0.68,0.19,0.30
81.84,FLYING,WAIT,0,,,,,97,0,0,0,0,38,CRUISE,,1.81,0.15,0.21
81.89,FLYING,WAIT,0,,,,,97,0,0,0,0,38,AVOID_RIGHT,,2.29,0.12,0.16
81.95,FLYING,WAIT,0,,,,,97,0,0,0,0,38,AVOID_RIGHT,,2.62,0.11,0.17
82.00,FLYING,WAIT,0,,,,,97,0,0,0,0,38,AVOID_RIGHT,,3.58,0.10,0.17
82.06,FLYING,WAIT,0,,,,,97,0,0,0,0,38,ESCAPE,RIGHT,4.21,0.10,0.15
82.11,FLYING,WAIT,0,,,,,97,0,0,0,0,38,ESCAPE,RIGHT,4.38,0.10,0.14
82.17,FLYING,WAIT,0,,,,,97,0,0,0,0,38,ESCAPE,RIGHT,4.04,2.71,0.24
82.22,FLYING,WAIT,0,,,,,97,0,0,0,0,38,ESCAPE,RIGHT,2.50,4.01,0.29
82.28,FLYING,WAIT,0,,,,,97,0,0,0,0,38,ESCAPE,RIGHT,1.67,3.65,0.30
82.33,FLYING,WAIT,0,,,,,97,0,0,0,0,38,ESCAPE,RIGHT,1.14,1.91,0.24
82.39,FLYING,WAIT,0,,,,,97,0,0,0,0,38,ESCAPE,RIGHT,0.87,1.01,0.19
82.44,FLYING,WAIT,0,,,,,97,0,0,0,0,38,ESCAPE,RIGHT,0.54,0.55,0.19
82.50,FLYING,WAIT,0,,,,,97,0,0,0,0,38,ESCAPE,RIGHT,0.37,0.32,0.19
82.55,FLYING,WAIT,0,,,,,97,0,0,0,0,38,ESCAPE,RIGHT,0.40,0.22,0.20
82.61,FLYING,WAIT,0,,,,,97,0,0,0,0,38,ESCAPE,RIGHT,0.41,0.21,0.28
82.66,FLYING,WAIT,0,,,,,97,0,0,0,0,38,ESCAPE,RIGHT,0.35,0.26,0.32
82.71,FLYING,WAIT,0,,,,,97,0,0,0,0,38,ESCAPE,RIGHT,0.28,0.28,0.31
82.77,FLYING,WAIT,0,,,,,97,0,0,0,0,38,ESCAPE,RIGHT,0.22,0.19,0.21
82.82,FLYING,WAIT,0,,,,,97,0,0,0,0,38,ESCAPE,RIGHT,0.17,0.14,0.16
82.88,FLYING,WAIT,0,,,,,97,0,0,0,0,38,ESCAPE,RIGHT,0.16,0.13,0.17
82.93,FLYING,WAIT,0,,,,,97,0,0,0,0,38,ESCAPE,RIGHT,0.14,0.12,0.17
82.99,FLYING,WAIT,0,,,,,97,0,0,0,0,38,ESCAPE,RIGHT,0.15,0.11,0.16
83.04,FLYING,WAIT,0,,,,,97,0,0,0,0,38,ESCAPE,RIGHT,0.14,0.10,0.16
83.09,FLYING,WAIT,0,,,,,97,0,0,0,0,38,ESCAPE,RIGHT,0.15,0.10,0.15
83.15,FLYING,WAIT,0,,,,,97,0,0,0,0,38,ESCAPE,RIGHT,0.15,0.10,0.30
83.20,FLYING,WAIT,0,,,,,97,0,0,0,0,38,ESCAPE,RIGHT,0.16,0.09,0.37
83.26,FLYING,WAIT,0,,,,,97,0,0,0,0,38,ESCAPE,RIGHT,0.19,0.08,0.26
83.31,FLYING,WAIT,0,,,,,97,0,0,0,0,38,ESCAPE,RIGHT,0.16,0.09,0.20
83.37,FLYING,WAIT,0,,,,,97,0,0,0,0,38,ESCAPE,RIGHT,0.16,0.10,0.17
83.42,FLYING,WAIT,0,,,,,97,0,0,0,0,38,ESCAPE,RIGHT,0.15,0.11,0.14
83.47,FLYING,WAIT,0,,,,,97,0,0,0,0,38,ESCAPE,RIGHT,0.16,1.10,0.12
83.53,FLYING,WAIT,0,,,,,97,0,0,0,0,38,ESCAPE,RIGHT,1.14,1.70,0.22
83.58,FLYING,WAIT,0,,,,,97,0,0,0,0,38,ESCAPE,RIGHT,1.64,2.00,0.29
83.64,FLYING,WAIT,0,,,,,97,0,0,0,0,38,ESCAPE,RIGHT,1.60,1.67,0.51
83.70,FLYING,WAIT,0,,,,,97,0,0,0,0,38,AVOID_LEFT,,1.59,1.51,1.42
83.75,FLYING,WAIT,0,,,,,97,0,0,0,0,38,AVOID_LEFT,,1.26,1.64,1.88
83.81,FLYING,WAIT,0,,,,,97,0,0,0,0,38,AVOID_LEFT,,1.10,1.83,2.31
83.86,FLYING,WAIT,0,,,,,97,0,0,0,0,38,AVOID_LEFT,,0.60,1.80,1.56
83.92,FLYING,WAIT,0,,,,,97,0,0,0,0,38,AVOID_LEFT,,0.35,0.99,1.19
83.97,FLYING,WAIT,0,,,,,97,0,0,0,0,38,AVOID_LEFT,,0.25,0.54,1.00
84.02,FLYING,WAIT,0,,,,,97,0,0,0,0,38,AVOID_LEFT,,0.20,0.31,0.87
84.08,FLYING,WAIT,0,,,,,97,0,0,0,0,38,AVOID_LEFT,,0.16,0.19,0.49
84.13,FLYING,WAIT,0,,,,,97,0,0,0,0,38,CRUISE,,0.13,0.13,0.30
84.19,FLYING,RETURN,0,,,,,97,0,4,0,0,38,CRUISE,,0.17,0.10,0.34
84.24,FLYING,RETURN,0,,,,,97,0,6,0,0,38,CRUISE,,0.19,0.13,0.40
84.30,FLYING,RETURN,0,,,,,97,0,8,0,0,38,CRUISE,,0.24,0.14,0.39
84.35,FLYING,RETURN,0,,,,,97,0,9,0,0,38,CRUISE,,0.23,0.23,0.58
84.40,FLYING,RETURN,0,,,,,97,0,10,0,0,38,CRUISE,,0.27,0.28,1.52
84.46,FLYING,RETURN,0,,,,,97,0,11,0,0,38,CRUISE,,0.28,0.21,1.98
84.51,FLYING,RETURN,0,,,,,97,0,11,0,0,38,CRUISE,,0.29,0.15,1.52
84.57,FLYING,RETURN,0,,,,,97,0,11,0,0,38,CRUISE,,0.26,0.11,1.12
84.62,FLYING,RETURN,0,,,,,97,0,11,0,0,38,CRUISE,,0.23,0.14,0.69
84.68,FLYING,RETURN,0,,,,,97,0,11,0,0,38,CRUISE,,0.21,0.19,0.48
84.73,FLYING,RETURN,0,,,,,97,0,11,0,0,38,CRUISE,,0.21,0.24,0.38
84.79,FLYING,RETURN,0,,,,,97,0,11,0,0,38,CRUISE,,0.44,0.27,0.45
84.84,FLYING,RETURN,0,,,,,97,0,11,0,0,38,CRUISE,,0.55,0.28,0.48
84.89,FLYING,RETURN,0,,,,,97,0,11,0,0,38,CRUISE,,0.52,0.46,0.45
84.95,FLYING,RETURN,0,,,,,97,0,11,0,0,38,CRUISE,,0.43,0.54,0.42
85.00,FLYING,RETURN,0,,,,,97,0,11,0,0,38,CRUISE,,0.30,0.32,0.28
85.06,FLYING,RETURN,0,,,,,97,0,11,0,0,38,CRUISE,,0.22,0.21,0.20
85.11,FLYING,RETURN,0,,,,,97,0,11,0,0,38,CRUISE,,0.20,0.15,0.16
85.17,FLYING,RETURN,0,,,,,97,0,11,0,0,38,CRUISE,,0.42,0.22,0.34
85.22,FLYING,RETURN,0,,,,,97,0,11,0,0,38,CRUISE,,0.52,0.26,0.43
85.27,FLYING,RETURN,0,,,,,97,0,11,0,0,38,CRUISE,,0.38,0.20,0.31
85.33,FLYING,RETURN,0,,,,,97,0,11,0,0,38,CRUISE,,0.30,0.17,0.22
85.38,FLYING,RETURN,0,,,,,97,0,11,0,0,38,CRUISE,,0.23,0.13,0.18
85.44,FLYING,RETURN,0,,,,,97,0,11,0,0,38,CRUISE,,0.16,0.10,0.16
85.49,FLYING,RETURN,0,,,,,97,0,11,0,0,38,CRUISE,,0.12,0.08,0.14
85.54,FLYING,RETURN,0,,,,,97,0,11,0,0,38,CRUISE,,0.12,0.08,0.15
85.60,FLYING,RETURN,0,,,,,97,0,11,0,0,38,CRUISE,,0.16,0.26,0.27
85.65,FLYING,RETURN,0,,,,,97,0,11,0,0,38,CRUISE,,0.18,0.35,0.32
85.71,FLYING,RETURN,0,,,,,97,0,11,0,0,38,CRUISE,,0.17,0.23,0.26
85.76,FLYING,RETURN,0,,,,,97,0,11,0,0,38,CRUISE,,0.16,0.17,0.23
85.82,FLYING,RETURN,0,,,,,97,0,11,0,0,38,CRUISE,,0.55,0.26,0.39
85.87,FLYING,RETURN,0,,,,,97,0,11,0,0,38,CRUISE,,0.74,0.35,0.52
85.92,FLYING,RETURN,0,,,,,97,0,11,0,0,38,CRUISE,,0.58,0.46,0.58
85.98,FLYING,RETURN,0,,,,,97,0,11,0,0,38,CRUISE,,0.45,0.52,0.59
86.03,FLYING,RETURN,0,,,,,97,0,11,0,0,38,CRUISE,,0.28,0.33,0.39
86.09,FLYING,RETURN,0,,,,,97,0,11,0,0,38,CRUISE,,0.20,0.22,0.24
86.14,FLYING,RETURN,0,,,,,97,0,11,0,0,38,CRUISE,,0.15,0.16,0.17
86.20,FLYING,RETURN,0,,,,,97,0,11,0,0,38,CRUISE,,0.13,0.13,0.14
86.25,FLYING,RETURN,0,,,,,97,0,11,0,0,37,CRUISE,,0.12,0.12,0.13
86.30,FLYING,RETURN,0,,,,,97,0,11,0,0,37,CRUISE,,0.12,0.13,0.13
86.36,FLYING,RETURN,0,,,,,97,0,11,0,0,37,CRUISE,,0.12,0.13,0.14
86.41,FLYING,RETURN,0,,,,,97,0,11,0,0,37,CRUISE,,0.11,0.11,0.14
86.47,FLYING,RETURN,0,,,,,97,0,11,0,0,37,CRUISE,,0.11,0.09,0.14
86.52,FLYING,RETURN,0,,,,,97,0,11,0,0,37,CRUISE,,0.11,0.09,0.10
86.58,FLYING,RETURN,0,,,,,97,0,11,0,0,37,CRUISE,,0.12,0.09,0.11
86.63,FLYING,RETURN,0,,,,,97,0,11,0,0,37,CRUISE,,0.12,0.10,0.12
86.69,FLYING,RETURN,0,,,,,97,0,11,0,0,37,CRUISE,,0.12,0.10,0.12
86.74,FLYING,RETURN,0,,,,,97,0,11,0,0,37,CRUISE,,0.20,0.09,0.12
86.80,FLYING,RETURN,0,,,,,97,0,11,0,0,37,CRUISE,,0.15,0.09,0.11
86.86,FLYING,RETURN,0,,,,,97,0,11,0,0,37,CRUISE,,0.17,0.07,0.11
86.91,FLYING,RETURN,0,,,,,97,0,11,0,0,37,CRUISE,,0.18,0.06,0.11
86.96,FLYING,RETURN,0,,,,,97,0,11,0,0,37,CRUISE,,0.18,0.09,0.11
87.02,FLYING,RETURN,0,,,,,97,0,11,0,0,37,CRUISE,,0.18,0.10,0.11
87.07,FLYING,RETURN,0,,,,,97,0,11,0,0,37,CRUISE,,0.46,0.25,0.37
87.13,FLYING,RETURN,0,,,,,97,0,11,0,0,37,CRUISE,,0.60,0.32,0.49
87.18,FLYING,RETURN,0,,,,,97,0,11,0,0,37,CRUISE,,0.48,0.24,0.44
87.24,FLYING,RETURN,0,,,,,97,0,11,0,0,37,CRUISE,,0.37,0.19,0.42
87.29,FLYING,RETURN,0,,,,,97,0,11,0,0,37,CRUISE,,0.29,0.18,0.62
87.35,FLYING,RETURN,0,,,,,97,0,11,0,0,37,CRUISE,,0.23,0.18,0.72
87.40,FLYING,RETURN,0,,,,,97,0,11,0,0,37,CRUISE,,0.19,0.14,0.42
87.46,FLYING,RETURN,0,,,,,97,0,11,0,0,37,CRUISE,,0.17,0.12,0.27
87.51,FLYING,RETURN,0,,,,,97,0,11,0,0,37,CRUISE,,0.17,0.11,0.20
87.57,FLYING,RETURN,0,,,,,97,0,11,0,0,37,CRUISE,,0.16,0.09,0.16
87.62,FLYING,RETURN,0,,,,,97,0,11,0,0,37,CRUISE,,0.17,0.08,0.14
87.67,FLYING,RETURN,0,,,,,97,0,11,0,0,37,CRUISE,,0.21,0.09,0.14
87.73,FLYING,RETURN,0,,,,,97,0,11,0,0,37,CRUISE,,0.24,0.09,0.14
87.78,FLYING,RETURN,0,,,,,97,0,11,0,0,37,CRUISE,,0.24,0.10,0.14
87.84,FLYING,RETURN,0,,,,,97,0,11,0,0,37,CRUISE,,0.25,0.10,0.16
87.89,FLYING,RETURN,0,,,,,97,0,11,0,0,37,CRUISE,,0.28,0.30,0.24
87.94,FLYING,RETURN,0,,,,,97,0,11,0,0,37,CRUISE,,0.29,0.39,0.28
88.00,FLYING,RETURN,0,,,,,97,0,11,0,0,37,CRUISE,,0.21,0.27,0.20
88.05,FLYING,RETURN,0,,,,,97,0,11,0,0,37,CRUISE,,0.18,0.21,0.16
88.11,FLYING,RETURN,0,,,,,97,0,11,0,0,37,CRUISE,,0.48,0.30,0.40
88.16,FLYING,RETURN,0,,,,,97,0,11,0,0,37,CRUISE,,0.63,0.35,0.52
88.22,FLYING,SEARCH,0,,,,,97,0,7,0,0,37,CRUISE,,0.40,0.24,0.32
88.27,FLYING,SEARCH,0,,,,,97,0,5,0,0,37,CRUISE,,0.29,0.19,0.22
88.32,FLYING,SEARCH,0,,,,,97,0,3,0,0,37,CRUISE,,0.21,0.17,0.19
88.38,FLYING,SEARCH,0,,,,,97,0,2,0,0,37,CRUISE,,0.19,0.17,0.17
88.43,FLYING,SEARCH,0,,,,,97,0,1,0,0,37,CRUISE,,0.17,0.19,0.15
88.49,FLYING,SEARCH,0,,,,,97,0,0,0,0,37,CRUISE,,0.21,0.22,0.14
88.54,FLYING,SEARCH,0,,,,,97,0,0,0,0,37,CRUISE,,0.40,0.43,0.41
88.60,FLYING,SEARCH,0,,,,,97,0,0,0,0,37,CRUISE,,0.50,0.53,0.55
88.65,FLYING,SEARCH,0,,,,,97,0,0,0,0,37,CRUISE,,0.55,0.55,0.62
