time_s,mode,state,bananas_seen,label,det_conf,cls_conf,size_pct,decision,hunger,lr,fb,ud,yaw,battery
6.02,FLYING,SEARCH,0,,,,,,100,0,0,0,2,40
6.17,FLYING,SEARCH,0,,,,,,100,0,0,0,4,40
6.23,FLYING,SEARCH,0,,,,,,100,0,0,0,5,40
6.27,FLYING,SEARCH,0,,,,,,100,0,0,0,6,40
6.31,FLYING,SEARCH,0,,,,,,100,0,0,0,7,40
6.35,FLYING,SEARCH,0,,,,,,100,0,0,0,7,40
6.38,FLYING,SEARCH,0,,,,,,100,0,0,0,7,40
6.41,FLYING,SEARCH,0,,,,,,100,0,0,0,7,40
6.45,FLYING,SEARCH,0,,,,,,100,0,0,0,7,40
6.49,FLYING,SEARCH,0,,,,,,100,0,0,0,7,40
6.52,FLYING,SEARCH,0,,,,,,100,0,0,0,7,40
6.56,FLYING,SEARCH,0,,,,,,100,0,0,0,7,40
6.59,FLYING,SEARCH,0,,,,,,100,0,0,0,7,40
6.62,FLYING,SEARCH,0,,,,,,100,0,0,0,7,40
6.66,FLYING,SEARCH,0,,,,,,100,0,0,0,7,40
6.69,FLYING,SEARCH,0,,,,,,100,0,0,0,7,40
6.72,FLYING,SEARCH,0,,,,,,100,0,0,0,7,40
6.75,FLYING,SEARCH,0,,,,,,100,0,0,0,7,40
6.79,FLYING,SEARCH,0,,,,,,100,0,0,0,7,40
6.82,FLYING,SEARCH,0,,,,,,100,0,0,0,7,40
6.85,FLYING,SEARCH,0,,,,,,100,0,0,0,7,40
6.89,FLYING,SEARCH,0,,,,,,100,0,0,0,7,40
6.92,FLYING,SEARCH,0,,,,,,100,0,0,0,7,40
6.95,FLYING,SEARCH,0,,,,,,100,0,0,0,7,40
6.99,FLYING,SEARCH,0,,,,,,100,0,0,0,5,40
7.02,FLYING,SEARCH,0,,,,,,100,0,0,0,3,40
7.05,FLYING,SEARCH,0,,,,,,100,0,0,0,2,40
7.08,FLYING,SEARCH,0,,,,,,100,0,0,0,1,40
7.12,FLYING,SEARCH,0,,,,,,100,0,0,0,0,40
7.15,FLYING,SEARCH,0,,,,,,100,0,0,0,0,40
7.18,FLYING,SEARCH,0,,,,,,100,0,0,0,0,40
7.21,FLYING,SEARCH,0,,,,,,100,0,0,0,0,40
7.25,FLYING,SEARCH,0,,,,,,100,0,0,0,0,40
7.28,FLYING,SEARCH,0,,,,,,100,0,0,0,0,40
7.31,FLYING,SEARCH,0,,,,,,100,0,0,0,0,40
7.34,FLYING,SEARCH,0,,,,,,100,0,0,0,0,40
7.38,FLYING,SEARCH,0,,,,,,100,0,0,0,0,40
7.41,FLYING,SEARCH,0,,,,,,100,0,0,0,0,40
7.44,FLYING,SEARCH,0,,,,,,100,0,0,0,0,40
7.48,FLYING,SEARCH,0,,,,,,100,0,0,0,0,40
7.51,FLYING,SEARCH,0,,,,,,100,0,0,0,0,40
7.54,FLYING,SEARCH,0,,,,,,100,0,0,0,0,40
7.57,FLYING,SEARCH,0,,,,,,100,0,0,0,0,40
7.61,FLYING,SEARCH,0,,,,,,100,0,0,0,0,40
7.64,FLYING,SEARCH,0,,,,,,100,0,0,0,0,40
7.67,FLYING,SEARCH,0,,,,,,100,0,0,0,0,40
7.70,FLYING,SEARCH,0,,,,,,100,0,0,0,0,40
7.74,FLYING,SEARCH,0,,,,,,100,0,0,0,0,40
7.77,FLYING,SEARCH,0,,,,,,100,0,0,0,0,40
7.80,FLYING,SEARCH,0,,,,,,100,0,0,0,0,40
7.84,FLYING,SEARCH,0,,,,,,100,0,0,0,0,40
7.87,FLYING,SEARCH,0,,,,,,100,0,0,0,0,40
7.90,FLYING,SEARCH,0,,,,,,100,0,0,0,0,40
7.93,FLYING,SEARCH,0,,,,,,100,0,0,0,0,40
7.97,FLYING,SEARCH,0,,,,,,100,0,0,0,0,40
8.00,FLYING,SEARCH,0,,,,,,100,0,0,0,0,40
8.03,FLYING,SEARCH,0,,,,,,100,0,0,0,0,40
8.07,FLYING,SEARCH,0,,,,,,100,0,0,0,0,40
8.10,FLYING,SEARCH,0,,,,,,100,0,0,0,0,40
8.13,FLYING,SEARCH,0,,,,,,100,0,0,0,0,40
8.17,FLYING,SEARCH,0,,,,,,100,0,0,0,0,40
8.20,FLYING,SEARCH,0,,,,,,100,0,0,0,0,40
8.23,FLYING,SEARCH,0,,,,,,100,0,0,0,0,40
8.27,FLYING,SEARCH,0,,,,,,100,0,0,0,0,40
8.30,FLYING,SEARCH,0,,,,,,100,0,0,0,0,40
8.33,FLYING,SEARCH,0,,,,,,100,0,0,0,0,40
8.37,FLYING,SEARCH,0,,,,,,100,0,0,0,0,40
8.40,FLYING,SEARCH,0,,,,,,100,0,0,0,0,40
8.43,FLYING,SEARCH,0,,,,,,100,0,0,0,0,40
8.47,FLYING,SEARCH,0,,,,,,100,0,0,0,0,40
8.50,FLYING,SEARCH,0,,,,,,100,0,0,0,0,40
8.53,FLYING,SEARCH,0,,,,,,100,0,0,0,0,40
8.57,FLYING,SEARCH,0,,,,,,100,0,0,0,0,40
8.60,FLYING,SEARCH,0,,,,,,100,0,0,0,0,40
8.63,FLYING,SEARCH,0,,,,,,100,0,0,0,0,40
8.66,FLYING,SEARCH,0,,,,,,100,0,0,0,0,40
8.70,FLYING,SEARCH,0,,,,,,100,0,0,0,0,40
8.73,FLYING,SEARCH,0,,,,,,100,0,0,0,0,40
8.76,FLYING,SEARCH,0,,,,,,100,0,0,0,0,40
8.80,FLYING,SEARCH,0,,,,,,100,0,0,0,0,40
8.83,FLYING,SEARCH,0,,,,,,100,0,0,0,0,40
8.86,FLYING,SEARCH,0,,,,,,100,0,0,0,0,40
8.89,FLYING,SEARCH,0,,,,,,100,0,0,0,0,40
8.93,FLYING,SEARCH,0,,,,,,100,0,0,0,0,40
8.96,FLYING,SEARCH,0,,,,,,100,0,0,0,2,40
8.99,FLYING,SEARCH,0,,,,,,100,0,0,0,4,40
9.03,FLYING,SEARCH,0,,,,,,100,0,0,0,5,40
9.06,FLYING,SEARCH,0,,,,,,100,0,0,0,6,40
9.09,FLYING,SEARCH,0,,,,,,100,0,0,0,7,40
9.12,FLYING,SEARCH,0,,,,,,100,0,0,0,7,40
9.16,FLYING,SEARCH,0,,,,,,100,0,0,0,7,40
9.19,FLYING,SEARCH,0,,,,,,100,0,0,0,7,40
9.22,FLYING,SEARCH,0,,,,,,100,0,0,0,7,40
9.26,FLYING,SEARCH,0,,,,,,100,0,0,0,7,40
9.29,FLYING,SEARCH,0,,,,,,100,0,0,0,7,40
9.32,FLYING,SEARCH,0,,,,,,100,0,0,0,7,40
9.35,FLYING,SEARCH,0,,,,,,100,0,0,0,7,40
9.39,FLYING,SEARCH,0,,,,,,100,0,0,0,7,40
9.42,FLYING,SEARCH,0,,,,,,100,0,0,0,7,40
9.45,FLYING,SEARCH,0,,,,,,100,0,0,0,7,40
9.49,FLYING,SEARCH,0,,,,,,100,0,0,0,7,40
9.52,FLYING,SEARCH,0,,,,,,100,0,0,0,7,40
9.55,FLYING,SEARCH,0,,,,,,100,0,0,0,7,40
9.58,FLYING,SEARCH,0,,,,,,100,0,0,0,7,40
9.62,FLYING,SEARCH,0,,,,,,100,0,0,0,7,40
9.65,FLYING,SEARCH,0,,,,,,100,0,0,0,7,40
9.68,FLYING,SEARCH,0,,,,,,100,0,0,0,7,40
9.71,FLYING,SEARCH,0,,,,,,100,0,0,0,7,40
9.75,FLYING,SEARCH,0,,,,,,100,0,0,0,7,40
9.78,FLYING,SEARCH,0,,,,,,100,0,0,0,7,40
9.81,FLYING,SEARCH,0,,,,,,100,0,0,0,7,40
9.84,FLYING,SEARCH,0,,,,,,100,0,0,0,7,40
9.88,FLYING,SEARCH,0,,,,,,100,0,0,0,7,40
9.91,FLYING,SEARCH,0,,,,,,100,0,0,0,7,40
9.94,FLYING,SEARCH,0,,,,,,100,0,0,0,7,40
9.97,FLYING,SEARCH,0,,,,,,100,0,0,0,5,40
10.01,FLYING,SEARCH,0,,,,,,100,0,0,0,3,40
10.04,FLYING,SEARCH,0,,,,,,100,0,0,0,2,40
10.07,FLYING,SEARCH,0,,,,,,100,0,0,0,1,40
10.10,FLYING,SEARCH,0,,,,,,100,0,0,0,0,40
10.14,FLYING,SEARCH,0,,,,,,100,0,0,0,0,40
10.17,FLYING,SEARCH,0,,,,,,100,0,0,0,0,40
10.20,FLYING,SEARCH,0,,,,,,100,0,0,0,0,40
10.24,FLYING,SEARCH,0,,,,,,100,0,0,0,0,40
10.27,FLYING,SEARCH,0,,,,,,100,0,0,0,0,40
10.30,FLYING,SEARCH,0,,,,,,100,0,0,0,0,40
10.33,FLYING,SEARCH,0,,,,,,100,0,0,0,0,40
10.37,FLYING,SEARCH,0,,,,,,100,0,0,0,0,40
10.40,FLYING,SEARCH,0,,,,,,100,0,0,0,0,40
10.43,FLYING,SEARCH,0,,,,,,100,0,0,0,0,40
10.47,FLYING,SEARCH,0,,,,,,100,0,0,0,0,40
10.50,FLYING,SEARCH,0,,,,,,100,0,0,0,0,40
10.53,FLYING,SEARCH,0,,,,,,100,0,0,0,0,40
10.56,FLYING,SEARCH,0,,,,,,100,0,0,0,0,40
10.60,FLYING,SEARCH,0,,,,,,100,0,0,0,0,40
10.63,FLYING,SEARCH,0,,,,,,100,0,0,0,0,40
10.66,FLYING,SEARCH,0,,,,,,100,0,0,0,0,40
10.69,FLYING,SEARCH,0,,,,,,100,0,0,0,0,40
10.73,FLYING,SEARCH,0,,,,,,100,0,0,0,0,40
10.76,FLYING,SEARCH,0,,,,,,100,0,0,0,0,40
10.79,FLYING,SEARCH,0,,,,,,100,0,0,0,0,40
10.83,FLYING,SEARCH,0,,,,,,100,0,0,0,0,40
10.86,FLYING,SEARCH,0,,,,,,100,0,0,0,0,40
10.89,FLYING,SEARCH,0,,,,,,100,0,0,0,0,40
10.92,FLYING,SEARCH,0,,,,,,100,0,0,0,0,40
10.96,FLYING,SEARCH,0,,,,,,100,0,0,0,0,40
10.99,FLYING,SEARCH,0,,,,,,100,0,0,0,0,40
11.02,FLYING,SEARCH,0,,,,,,100,0,0,0,0,40
11.05,FLYING,SEARCH,0,,,,,,100,0,0,0,0,40
11.09,FLYING,SEARCH,0,,,,,,100,0,0,0,0,40
11.12,FLYING,SEARCH,0,,,,,,100,0,0,0,0,40
11.15,FLYING,SEARCH,0,,,,,,100,0,0,0,0,40
11.19,FLYING,SEARCH,0,,,,,,100,0,0,0,0,40
11.22,FLYING,SEARCH,0,,,,,,100,0,0,0,0,40
11.25,FLYING,SEARCH,0,,,,,,100,0,0,0,0,40
11.28,FLYING,SEARCH,0,,,,,,100,0,0,0,0,40
11.32,FLYING,SEARCH,0,,,,,,100,0,0,0,0,40
11.35,FLYING,SEARCH,0,,,,,,100,0,0,0,0,40
11.38,FLYING,SEARCH,0,,,,,,100,0,0,0,0,40
11.41,FLYING,SEARCH,0,,,,,,100,0,0,0,0,40
11.45,FLYING,SEARCH,0,,,,,,100,0,0,0,0,40
11.48,FLYING,SEARCH,0,,,,,,100,0,0,0,0,40
11.51,FLYING,SEARCH,0,,,,,,100,0,0,0,0,40
11.55,FLYING,SEARCH,0,,,,,,100,0,0,0,0,40
11.58,FLYING,SEARCH,0,,,,,,100,0,0,0,0,40
11.61,FLYING,SEARCH,0,,,,,,100,0,0,0,0,40
11.64,FLYING,SEARCH,0,,,,,,100,0,0,0,0,40
11.68,FLYING,SEARCH,0,,,,,,100,0,0,0,0,40
11.71,FLYING,SEARCH,0,,,,,,100,0,0,0,0,40
11.74,FLYING,SEARCH,0,,,,,,100,0,0,0,0,40
11.77,FLYING,SEARCH,0,,,,,,100,0,0,0,0,40
11.80,FLYING,SEARCH,0,,,,,,100,0,0,0,0,40
11.84,FLYING,SEARCH,0,,,,,,100,0,0,0,0,40
11.87,FLYING,SEARCH,0,,,,,,100,0,0,0,0,40
11.90,FLYING,SEARCH,0,,,,,,100,0,0,0,0,40
11.93,FLYING,SEARCH,0,,,,,,100,0,0,0,0,40
11.97,FLYING,SEARCH,0,,,,,,100,0,0,0,2,40
12.00,FLYING,SEARCH,0,,,,,,100,0,0,0,4,40
12.03,FLYING,SEARCH,0,,,,,,100,0,0,0,5,40
12.07,FLYING,SEARCH,0,,,,,,100,0,0,0,6,40
12.10,FLYING,SEARCH,0,,,,,,100,0,0,0,7,40
12.13,FLYING,SEARCH,0,,,,,,100,0,0,0,7,40
12.16,FLYING,SEARCH,0,,,,,,100,0,0,0,7,40
12.20,FLYING,SEARCH,0,,,,,,100,0,0,0,7,40
12.23,FLYING,SEARCH,0,,,,,,100,0,0,0,7,40
12.26,FLYING,SEARCH,0,,,,,,100,0,0,0,7,40
12.30,FLYING,SEARCH,0,,,,,,100,0,0,0,7,40
12.33,FLYING,SEARCH,0,,,,,,100,0,0,0,7,40
12.36,FLYING,SEARCH,0,,,,,,100,0,0,0,7,40
12.39,FLYING,SEARCH,0,,,,,,100,0,0,0,7,40
12.43,FLYING,SEARCH,0,,,,,,100,0,0,0,7,40
12.46,FLYING,SEARCH,0,,,,,,100,0,0,0,7,40
12.49,FLYING,SEARCH,0,,,,,,100,0,0,0,7,40
12.53,FLYING,SEARCH,0,,,,,,100,0,0,0,7,40
12.56,FLYING,SEARCH,0,,,,,,100,0,0,0,7,40
12.59,FLYING,SEARCH,0,,,,,,100,0,0,0,7,40
12.62,FLYING,SEARCH,0,,,,,,100,0,0,0,7,40
12.66,FLYING,SEARCH,0,,,,,,100,0,0,0,7,40
12.69,FLYING,SEARCH,0,,,,,,100,0,0,0,7,40
12.72,FLYING,SEARCH,0,,,,,,100,0,0,0,7,40
12.75,FLYING,SEARCH,0,,,,,,100,0,0,0,7,40
12.79,FLYING,SEARCH,0,,,,,,100,0,0,0,7,40
12.82,FLYING,SEARCH,0,,,,,,100,0,0,0,7,40
12.85,FLYING,SEARCH,0,,,,,,100,0,0,0,7,40
12.93,FLYING,CONFIRMING,1,rotten,0.38,0.83,2.9,,100,-4,0,-7,5,40
13.02,FLYING,CONFIRMING,2,rotten,0.35,0.58,5.0,,100,-5,0,-11,3,40
13.05,FLYING,CONFIRMING,0,,,,,,100,-3,0,-7,2,40
13.12,FLYING,CONFIRMING,1,,,,,,100,-2,0,-4,1,40
13.15,FLYING,CONFIRMING,0,,,,,,100,-1,0,-3,0,40
13.18,FLYING,CONFIRMING,0,,,,,,100,0,0,-2,0,40
13.21,FLYING,CONFIRMING,0,,,,,,100,0,0,-1,0,40
13.25,FLYING,CONFIRMING,0,,,,,,100,0,0,0,0,40
13.28,FLYING,CONFIRMING,0,,,,,,100,0,0,0,0,40
13.31,FLYING,CONFIRMING,0,,,,,,100,0,0,0,0,40
13.35,FLYING,CONFIRMING,0,,,,,,100,0,0,0,0,40
13.38,FLYING,CONFIRMING,0,,,,,,100,0,0,0,0,40
13.41,FLYING,CONFIRMING,0,,,,,,100,0,0,0,0,40
13.48,FLYING,CONFIRMING,1,,,,,,100,0,0,0,0,40
13.51,FLYING,CONFIRMING,0,,,,,,100,0,0,0,0,40
13.55,FLYING,SEARCH,0,,,,,,100,0,0,0,0,40
13.58,FLYING,SEARCH,0,,,,,,100,0,0,0,0,40
13.61,FLYING,SEARCH,0,,,,,,100,0,0,0,0,40
13.64,FLYING,SEARCH,0,,,,,,100,0,0,0,0,40
13.68,FLYING,SEARCH,0,,,,,,100,0,0,0,0,40
13.71,FLYING,SEARCH,0,,,,,,100,0,0,0,0,40
13.74,FLYING,SEARCH,0,,,,,,100,0,0,0,0,40
13.77,FLYING,SEARCH,0,,,,,,100,0,0,0,0,40
13.81,FLYING,SEARCH,0,,,,,,100,0,0,0,0,40
13.84,FLYING,SEARCH,0,,,,,,100,0,0,0,0,40
13.87,FLYING,SEARCH,0,,,,,,100,0,0,0,0,40
13.91,FLYING,SEARCH,0,,,,,,100,0,0,0,0,40
13.97,FLYING,SEARCH,1,,,,,,100,0,0,0,0,40
14.03,FLYING,CONFIRMING,1,rotten,0.30,0.98,1.4,,100,-1,0,-5,0,40
14.07,FLYING,CONFIRMING,0,,,,,,100,-1,0,-3,0,40
14.10,FLYING,CONFIRMING,0,,,,,,100,0,0,-2,0,40
14.13,FLYING,CONFIRMING,0,,,,,,100,0,0,-1,0,40
14.16,FLYING,CONFIRMING,0,,,,,,100,0,0,0,0,40
14.20,FLYING,CONFIRMING,0,,,,,,100,0,0,0,0,40
14.26,FLYING,CONFIRMING,1,,,,,,100,0,0,0,0,40
14.29,FLYING,CONFIRMING,0,,,,,,100,0,0,0,0,40
14.33,FLYING,CONFIRMING,0,,,,,,100,0,0,0,0,40
14.36,FLYING,CONFIRMING,0,,,,,,100,0,0,0,0,40
14.39,FLYING,CONFIRMING,0,,,,,,100,0,0,0,0,40
14.43,FLYING,CONFIRMING,0,,,,,,100,0,0,0,0,40
14.46,FLYING,CONFIRMING,0,,,,,,100,0,0,0,0,40
14.49,FLYING,CONFIRMING,0,,,,,,100,0,0,0,0,40
14.52,FLYING,CONFIRMING,0,,,,,,100,0,0,0,0,40
14.56,FLYING,SEARCH,0,,,,,,100,0,0,0,0,40
14.59,FLYING,SEARCH,0,,,,,,100,0,0,0,0,40
14.62,FLYING,SEARCH,0,,,,,,100,0,0,0,0,40
14.66,FLYING,SEARCH,0,,,,,,100,0,0,0,0,40
14.69,FLYING,SEARCH,0,,,,,,100,0,0,0,0,40
14.72,FLYING,SEARCH,0,,,,,,100,0,0,0,0,40
14.75,FLYING,SEARCH,0,,,,,,100,0,0,0,0,40
14.79,FLYING,SEARCH,0,,,,,,100,0,0,0,0,40
14.82,FLYING,SEARCH,0,,,,,,100,0,0,0,0,40
14.85,FLYING,SEARCH,0,,,,,,100,0,0,0,0,40
14.89,FLYING,SEARCH,0,,,,,,100,0,0,0,0,40
14.92,FLYING,SEARCH,0,,,,,,100,0,0,0,0,40
14.95,FLYING,SEARCH,0,,,,,,100,0,0,0,0,40
14.98,FLYING,SEARCH,0,,,,,,100,0,0,0,2,40
15.02,FLYING,SEARCH,0,,,,,,100,0,0,0,4,40
15.05,FLYING,SEARCH,0,,,,,,100,0,0,0,5,40
15.08,FLYING,SEARCH,0,,,,,,100,0,0,0,6,40
15.11,FLYING,SEARCH,0,,,,,,100,0,0,0,7,40
15.15,FLYING,SEARCH,0,,,,,,100,0,0,0,7,40
15.18,FLYING,SEARCH,0,,,,,,100,0,0,0,7,40
15.24,FLYING,SEARCH,1,,,,,,100,0,0,0,7,40
15.28,FLYING,SEARCH,0,,,,,,100,0,0,0,7,40
15.31,FLYING,SEARCH,0,,,,,,100,0,0,0,7,40
15.34,FLYING,SEARCH,0,,,,,,100,0,0,0,7,40
15.37,FLYING,SEARCH,0,,,,,,100,0,0,0,7,40
15.41,FLYING,SEARCH,0,,,,,,100,0,0,0,7,40
15.44,FLYING,SEARCH,0,,,,,,100,0,0,0,7,40
15.47,FLYING,SEARCH,0,,,,,,100,0,0,0,7,40
15.50,FLYING,SEARCH,0,,,,,,100,0,0,0,7,40
15.54,FLYING,SEARCH,0,,,,,,100,0,0,0,7,40
15.57,FLYING,SEARCH,0,,,,,,100,0,0,0,7,40
15.60,FLYING,SEARCH,0,,,,,,100,0,0,0,7,40
15.64,FLYING,SEARCH,0,,,,,,100,0,0,0,7,40
15.67,FLYING,SEARCH,0,,,,,,100,0,0,0,7,40
15.70,FLYING,SEARCH,0,,,,,,100,0,0,0,7,40
15.74,FLYING,SEARCH,0,,,,,,100,0,0,0,7,40
15.77,FLYING,SEARCH,0,,,,,,100,0,0,0,7,40
15.80,FLYING,SEARCH,0,,,,,,100,0,0,0,7,40
15.83,FLYING,SEARCH,0,,,,,,100,0,0,0,7,40
15.87,FLYING,SEARCH,0,,,,,,100,0,0,0,7,40
15.90,FLYING,SEARCH,0,,,,,,100,0,0,0,7,40
15.93,FLYING,SEARCH,0,,,,,,100,0,0,0,7,40
15.96,FLYING,SEARCH,0,,,,,,100,0,0,0,5,40
16.03,FLYING,CONFIRMING,1,rotten,0.23,0.74,1.9,,100,-2,0,-6,3,40
16.09,FLYING,DISLIKE_NO,1,rotten,0.37,0.67,2.0,DISLIKED,100,-12,0,-4,2,40
16.15,FLYING,DISLIKE_NO,1,rotten,0.22,0.60,2.0,DISLIKED,100,-18,0,-2,1,40
16.22,FLYING,DISLIKE_NO,1,rotten,0.30,0.85,1.9,DISLIKED,100,-22,0,-1,0,40
16.28,FLYING,DISLIKE_NO,1,rotten,0.29,0.98,1.8,DISLIKED,100,-25,0,-1,0,40
16.31,FLYING,DISLIKE_NO,0,,,,,DISLIKED,100,-26,0,0,0,40
16.38,FLYING,DISLIKE_NO,1,,,,,DISLIKED,100,-27,0,0,0,40
16.41,FLYING,DISLIKE_NO,0,,,,,DISLIKED,100,-28,0,0,0,40
16.47,FLYING,DISLIKE_NO,1,rotten,0.33,0.93,2.0,DISLIKED,100,-29,0,0,0,40
16.51,FLYING,DISLIKE_NO,0,,,,,DISLIKED,100,-29,0,0,0,40
16.54,FLYING,DISLIKE_NO,0,,,,,DISLIKED,100,-29,0,0,0,40
16.57,FLYING,DISLIKE_NO,0,,,,,DISLIKED,100,-29,0,0,0,40
16.60,FLYING,DISLIKE_NO,0,,,,,DISLIKED,100,-8,0,0,0,40
16.67,FLYING,DISLIKE_NO,1,rotten,0.35,0.64,2.2,DISLIKED,100,4,0,0,0,40
16.73,FLYING,DISLIKE_NO,1,,,,,DISLIKED,100,13,0,0,0,40
16.76,FLYING,DISLIKE_NO,0,,,,,DISLIKED,100,19,0,0,0,40
16.80,FLYING,DISLIKE_NO,0,,,,,DISLIKED,100,23,0,0,0,40
16.86,FLYING,DISLIKE_NO,1,,,,,DISLIKED,100,25,0,0,0,40
16.89,FLYING,DISLIKE_NO,0,,,,,DISLIKED,100,27,0,0,0,40
16.96,FLYING,DISLIKE_NO,1,,,,,DISLIKED,100,28,0,0,0,40
17.02,FLYING,DISLIKE_NO,1,,,,,DISLIKED,100,28,0,0,0,40
17.08,FLYING,DISLIKE_NO,1,,,,,DISLIKED,100,29,0,0,0,40
17.12,FLYING,DISLIKE_NO,0,,,,,DISLIKED,100,8,0,0,0,40
17.18,FLYING,DISLIKE_NO,1,,,,,DISLIKED,100,-4,0,0,0,40
17.24,FLYING,DISLIKE_NO,1,,,,,DISLIKED,100,-13,0,0,0,40
17.31,FLYING,DISLIKE_NO,1,rotten,0.26,0.55,2.0,DISLIKED,100,-19,0,0,0,40
17.37,FLYING,DISLIKE_NO,1,rotten,0.25,0.95,1.8,DISLIKED,100,-23,0,0,0,40
17.43,FLYING,DISLIKE_NO,1,rotten,0.40,0.85,1.9,DISLIKED,100,-25,0,0,0,40
17.50,FLYING,DISLIKE_NO,1,rotten,0.49,0.81,1.9,DISLIKED,100,-27,0,0,0,40
17.56,FLYING,DISLIKE_NO,1,rotten,0.33,0.90,1.9,DISLIKED,100,-28,0,0,0,40
17.62,FLYING,DISLIKE_NO,1,rotten,0.36,0.83,2.1,DISLIKED,100,-7,0,0,0,40
17.69,FLYING,DISLIKE_NO,1,rotten,0.41,0.61,2.3,DISLIKED,100,5,0,0,0,40
17.75,FLYING,DISLIKE_NO,1,rotten,0.21,0.84,2.2,DISLIKED,100,14,0,0,0,40
17.82,FLYING,DISLIKE_NO,1,rotten,0.20,0.62,2.3,DISLIKED,100,19,0,0,0,40
17.85,FLYING,DISLIKE_NO,0,,,,,DISLIKED,100,23,0,0,0,40
17.88,FLYING,DISLIKE_NO,0,,,,,DISLIKED,100,25,0,0,0,40
17.94,FLYING,DISLIKE_NO,1,rotten,0.57,0.82,2.1,DISLIKED,100,27,0,0,0,40
18.01,FLYING,DISLIKE_NO,1,rotten,0.38,0.53,2.2,DISLIKED,100,28,0,0,0,40
18.07,FLYING,DISLIKE_NO,1,rotten,0.35,0.80,2.2,DISLIKED,100,28,0,0,0,40
18.13,FLYING,MOVE_ON,1,rotten,0.40,0.95,2.1,DISLIKED,100,18,2,0,3,40
18.20,FLYING,MOVE_ON,1,rotten,0.33,0.52,2.2,DISLIKED,100,12,4,0,5,40
18.26,FLYING,MOVE_ON,1,rotten,0.38,0.71,2.2,DISLIKED,100,7,5,0,7,40
18.32,FLYING,MOVE_ON,1,rotten,0.25,0.83,2.3,DISLIKED,100,5,6,0,8,40
18.39,FLYING,MOVE_ON,1,freshripe,0.57,0.74,2.2,DISLIKED,100,3,7,0,8,40
18.45,FLYING,MOVE_ON,1,rotten,0.47,0.87,2.3,DISLIKED,100,2,7,0,9,40
18.52,FLYING,MOVE_ON,1,freshripe,0.39,0.58,2.4,DISLIKED,100,1,7,0,9,40
18.58,FLYING,MOVE_ON,1,rotten,0.34,0.75,2.5,DISLIKED,100,0,7,0,9,40
18.64,FLYING,MOVE_ON,1,rotten,0.33,0.91,2.4,DISLIKED,100,0,7,0,9,40
18.71,FLYING,MOVE_ON,1,rotten,0.29,0.53,2.7,DISLIKED,100,0,7,0,9,40
18.80,FLYING,MOVE_ON,2,freshripe,0.26,0.68,6.8,DISLIKED,100,0,7,0,9,40
18.89,FLYING,MOVE_ON,2,freshripe,0.22,0.83,6.8,DISLIKED,100,0,7,0,9,40
18.96,FLYING,MOVE_ON,1,freshripe,0.62,0.55,2.7,DISLIKED,100,0,7,0,9,40
19.05,FLYING,MOVE_ON,2,freshripe,0.21,0.84,6.2,DISLIKED,100,0,7,0,9,40
19.15,FLYING,MOVE_ON,2,rotten,0.58,0.74,2.7,DISLIKED,100,0,7,0,9,40
19.21,FLYING,MOVE_ON,1,freshripe,0.62,0.70,2.6,DISLIKED,100,0,7,0,9,40
19.27,FLYING,MOVE_ON,1,freshripe,0.62,0.70,2.6,DISLIKED,100,0,7,0,9,40
19.34,FLYING,MOVE_ON,1,rotten,0.66,0.74,2.5,DISLIKED,100,0,7,0,9,40
19.40,FLYING,MOVE_ON,1,freshripe,0.49,0.64,2.4,DISLIKED,100,0,7,0,9,40
19.46,FLYING,MOVE_ON,1,freshripe,0.43,0.66,2.3,DISLIKED,100,0,7,0,9,40
19.53,FLYING,MOVE_ON,1,freshripe,0.32,0.52,2.1,DISLIKED,100,0,7,0,9,40
19.59,FLYING,MOVE_ON,1,rotten,0.48,0.78,2.1,DISLIKED,100,0,7,0,9,40
19.65,FLYING,SEARCH,1,rotten,0.29,0.65,2.0,DISLIKED,100,0,5,0,6,40
19.69,FLYING,SEARCH,0,,,,,DISLIKED,100,0,3,0,4,40
19.78,FLYING,SEARCH,2,freshripe,0.27,0.82,1.7,DISLIKED,100,0,2,0,2,40
19.81,FLYING,SEARCH,0,,,,,DISLIKED,100,0,1,0,1,40
19.84,FLYING,SEARCH,0,,,,,DISLIKED,100,0,0,0,1,40
19.88,FLYING,SEARCH,0,,,,,DISLIKED,100,0,0,0,0,40
19.91,FLYING,SEARCH,0,,,,,DISLIKED,100,0,0,0,0,40
19.94,FLYING,SEARCH,0,,,,,DISLIKED,100,0,0,0,0,40
19.98,FLYING,SEARCH,0,,,,,DISLIKED,100,0,0,0,0,40
20.01,FLYING,SEARCH,0,,,,,DISLIKED,100,0,0,0,0,40
20.04,FLYING,SEARCH,0,,,,,DISLIKED,100,0,0,0,0,40
20.07,FLYING,SEARCH,0,,,,,DISLIKED,100,0,0,0,0,40
20.11,FLYING,SEARCH,0,,,,,DISLIKED,100,0,0,0,0,40
20.14,FLYING,SEARCH,0,,,,,DISLIKED,100,0,0,0,0,40
20.17,FLYING,SEARCH,0,,,,,DISLIKED,100,0,0,0,0,40
20.20,FLYING,SEARCH,0,,,,,DISLIKED,100,0,0,0,0,40
20.24,FLYING,SEARCH,0,,,,,DISLIKED,100,0,0,0,0,40
20.27,FLYING,SEARCH,0,,,,,DISLIKED,100,0,0,0,0,40
20.30,FLYING,SEARCH,0,,,,,DISLIKED,100,0,0,0,0,40
20.33,FLYING,SEARCH,0,,,,,DISLIKED,100,0,0,0,0,40
20.37,FLYING,SEARCH,0,,,,,DISLIKED,100,0,0,0,0,40
20.40,FLYING,SEARCH,0,,,,,DISLIKED,100,0,0,0,0,40
20.43,FLYING,SEARCH,0,,,,,DISLIKED,100,0,0,0,0,40
20.46,FLYING,SEARCH,0,,,,,DISLIKED,100,0,0,0,0,40
20.50,FLYING,SEARCH,0,,,,,DISLIKED,100,0,0,0,0,40
20.53,FLYING,SEARCH,0,,,,,DISLIKED,100,0,0,0,0,40
20.56,FLYING,SEARCH,0,,,,,DISLIKED,100,0,0,0,0,40
20.60,FLYING,SEARCH,0,,,,,DISLIKED,100,0,0,0,0,40
20.63,FLYING,SEARCH,0,,,,,DISLIKED,100,0,0,0,0,40
20.66,FLYING,SEARCH,0,,,,,DISLIKED,100,0,0,0,0,40
20.69,FLYING,SEARCH,0,,,,,DISLIKED,100,0,0,0,0,40
20.73,FLYING,SEARCH,0,,,,,DISLIKED,100,0,0,0,0,40
20.76,FLYING,SEARCH,0,,,,,DISLIKED,100,0,0,0,0,40
20.79,FLYING,SEARCH,0,,,,,DISLIKED,100,0,0,0,0,40
20.83,FLYING,SEARCH,0,,,,,DISLIKED,100,0,0,0,0,40
20.86,FLYING,SEARCH,0,,,,,DISLIKED,100,0,0,0,0,40
20.89,FLYING,SEARCH,0,,,,,DISLIKED,100,0,0,0,0,40
20.92,FLYING,SEARCH,0,,,,,DISLIKED,100,0,0,0,0,40
20.96,FLYING,SEARCH,0,,,,,DISLIKED,100,0,0,0,0,40
20.99,FLYING,SEARCH,0,,,,,DISLIKED,100,0,0,0,2,40
21.02,FLYING,SEARCH,0,,,,,DISLIKED,100,0,0,0,4,40
21.05,FLYING,SEARCH,0,,,,,DISLIKED,100,0,0,0,5,40
21.09,FLYING,SEARCH,0,,,,,DISLIKED,100,0,0,0,6,40
21.12,FLYING,SEARCH,0,,,,,DISLIKED,100,0,0,0,7,40
21.15,FLYING,SEARCH,0,,,,,DISLIKED,100,0,0,0,7,40
21.19,FLYING,SEARCH,0,,,,,DISLIKED,100,0,0,0,7,40
21.22,FLYING,SEARCH,0,,,,,DISLIKED,100,0,0,0,7,40
21.25,FLYING,SEARCH,0,,,,,DISLIKED,100,0,0,0,7,40
21.28,FLYING,SEARCH,0,,,,,DISLIKED,100,0,0,0,7,40
21.32,FLYING,SEARCH,0,,,,,DISLIKED,100,0,0,0,7,40
21.35,FLYING,SEARCH,0,,,,,DISLIKED,100,0,0,0,7,40
21.38,FLYING,SEARCH,0,,,,,DISLIKED,100,0,0,0,7,40
21.41,FLYING,SEARCH,0,,,,,DISLIKED,100,0,0,0,7,40
21.45,FLYING,SEARCH,0,,,,,DISLIKED,100,0,0,0,7,40
21.48,FLYING,SEARCH,0,,,,,DISLIKED,100,0,0,0,7,40
21.51,FLYING,SEARCH,0,,,,,DISLIKED,100,0,0,0,7,40
21.55,FLYING,SEARCH,0,,,,,DISLIKED,100,0,0,0,7,40
21.58,FLYING,SEARCH,0,,,,,DISLIKED,100,0,0,0,7,40
21.61,FLYING,SEARCH,0,,,,,DISLIKED,100,0,0,0,7,40
21.64,FLYING,SEARCH,0,,,,,DISLIKED,100,0,0,0,7,40
21.68,FLYING,SEARCH,0,,,,,DISLIKED,100,0,0,0,7,40
21.71,FLYING,SEARCH,0,,,,,DISLIKED,100,0,0,0,7,40
21.74,FLYING,SEARCH,0,,,,,DISLIKED,100,0,0,0,7,40
21.77,FLYING,SEARCH,0,,,,,DISLIKED,100,0,0,0,7,40
21.81,FLYING,SEARCH,0,,,,,DISLIKED,100,0,0,0,7,40
21.84,FLYING,SEARCH,0,,,,,DISLIKED,100,0,0,0,7,40
21.87,FLYING,SEARCH,0,,,,,DISLIKED,100,0,0,0,7,40
21.90,FLYING,SEARCH,0,,,,,DISLIKED,100,0,0,0,7,40
21.94,FLYING,SEARCH,0,,,,,DISLIKED,100,0,0,0,7,40
21.97,FLYING,SEARCH,0,,,,,DISLIKED,100,0,0,0,5,40
22.00,FLYING,SEARCH,0,,,,,DISLIKED,100,0,0,0,3,40
22.03,FLYING,SEARCH,0,,,,,DISLIKED,100,0,0,0,2,40
22.07,FLYING,SEARCH,0,,,,,DISLIKED,100,0,0,0,1,40
22.10,FLYING,SEARCH,0,,,,,DISLIKED,100,0,0,0,0,40
22.13,FLYING,SEARCH,0,,,,,DISLIKED,100,0,0,0,0,40
22.17,FLYING,SEARCH,0,,,,,DISLIKED,100,0,0,0,0,40
22.20,FLYING,SEARCH,0,,,,,DISLIKED,100,0,0,0,0,40
22.23,FLYING,SEARCH,0,,,,,DISLIKED,100,0,0,0,0,40
22.27,FLYING,SEARCH,0,,,,,DISLIKED,100,0,0,0,0,40
22.30,FLYING,SEARCH,0,,,,,DISLIKED,100,0,0,0,0,40
22.33,FLYING,SEARCH,0,,,,,DISLIKED,100,0,0,0,0,40
22.36,FLYING,SEARCH,0,,,,,DISLIKED,100,0,0,0,0,40
22.40,FLYING,SEARCH,0,,,,,DISLIKED,100,0,0,0,0,40
22.43,FLYING,SEARCH,0,,,,,DISLIKED,100,0,0,0,0,40
22.46,FLYING,SEARCH,0,,,,,DISLIKED,100,0,0,0,0,40
22.50,FLYING,SEARCH,0,,,,,DISLIKED,100,0,0,0,0,40
22.53,FLYING,SEARCH,0,,,,,DISLIKED,100,0,0,0,0,40
22.56,FLYING,SEARCH,0,,,,,DISLIKED,100,0,0,0,0,40
22.59,FLYING,SEARCH,0,,,,,DISLIKED,100,0,0,0,0,40
22.63,FLYING,SEARCH,0,,,,,DISLIKED,100,0,0,0,0,40
22.66,FLYING,SEARCH,0,,,,,DISLIKED,100,0,0,0,0,40
22.69,FLYING,SEARCH,0,,,,,DISLIKED,100,0,0,0,0,40
22.73,FLYING,SEARCH,0,,,,,DISLIKED,100,0,0,0,0,40
22.76,FLYING,SEARCH,0,,,,,DISLIKED,100,0,0,0,0,40
22.79,FLYING,SEARCH,0,,,,,,100,0,0,0,0,40
22.82,FLYING,SEARCH,0,,,,,,100,0,0,0,0,40
22.86,FLYING,SEARCH,0,,,,,,100,0,0,0,0,40
22.89,FLYING,SEARCH,0,,,,,,100,0,0,0,0,40
22.92,FLYING,SEARCH,0,,,,,,100,0,0,0,0,40
22.96,FLYING,SEARCH,0,,,,,,100,0,0,0,0,40
22.99,FLYING,SEARCH,0,,,,,,100,0,0,0,0,40
23.02,FLYING,SEARCH,0,,,,,,100,0,0,0,0,40
23.06,FLYING,SEARCH,0,,,,,,100,0,0,0,0,40
23.09,FLYING,SEARCH,0,,,,,,100,0,0,0,0,40
23.12,FLYING,SEARCH,0,,,,,,100,0,0,0,0,40
23.15,FLYING,SEARCH,0,,,,,,100,0,0,0,0,40
23.19,FLYING,SEARCH,0,,,,,,100,0,0,0,0,40
23.22,FLYING,SEARCH,0,,,,,,100,0,0,0,0,40
23.25,FLYING,SEARCH,0,,,,,,100,0,0,0,0,40
23.29,FLYING,SEARCH,0,,,,,,100,0,0,0,0,40
23.32,FLYING,SEARCH,0,,,,,,100,0,0,0,0,40
23.35,FLYING,SEARCH,0,,,,,,100,0,0,0,0,40
23.39,FLYING,SEARCH,0,,,,,,100,0,0,0,0,40
23.42,FLYING,SEARCH,0,,,,,,100,0,0,0,0,40
23.45,FLYING,SEARCH,0,,,,,,100,0,0,0,0,40
23.48,FLYING,SEARCH,0,,,,,,100,0,0,0,0,40
23.52,FLYING,SEARCH,0,,,,,,100,0,0,0,0,40
23.55,FLYING,SEARCH,0,,,,,,100,0,0,0,0,40
23.58,FLYING,SEARCH,0,,,,,,100,0,0,0,0,40
23.61,FLYING,SEARCH,0,,,,,,100,0,0,0,0,40
23.65,FLYING,SEARCH,0,,,,,,100,0,0,0,0,40
23.68,FLYING,SEARCH,0,,,,,,100,0,0,0,0,40
23.71,FLYING,SEARCH,0,,,,,,100,0,0,0,0,40
23.74,FLYING,SEARCH,0,,,,,,100,0,0,0,0,40
23.78,FLYING,SEARCH,0,,,,,,100,0,0,0,0,40
23.81,FLYING,SEARCH,0,,,,,,100,0,0,0,0,40
23.84,FLYING,SEARCH,0,,,,,,100,0,0,0,0,40
23.87,FLYING,SEARCH,0,,,,,,100,0,0,0,0,40
23.91,FLYING,SEARCH,0,,,,,,100,0,0,0,0,40
23.94,FLYING,SEARCH,0,,,,,,100,0,0,0,0,40
23.97,FLYING,SEARCH,0,,,,,,100,0,0,0,2,40
24.00,FLYING,SEARCH,0,,,,,,100,0,0,0,4,40
24.04,FLYING,SEARCH,0,,,,,,100,0,0,0,5,40
24.07,FLYING,SEARCH,0,,,,,,100,0,0,0,6,40
24.10,FLYING,SEARCH,0,,,,,,100,0,0,0,7,40
24.14,FLYING,SEARCH,0,,,,,,100,0,0,0,7,40
24.17,FLYING,SEARCH,0,,,,,,100,0,0,0,7,40
24.20,FLYING,SEARCH,0,,,,,,100,0,0,0,7,40
24.23,FLYING,SEARCH,0,,,,,,100,0,0,0,7,40
24.27,FLYING,SEARCH,0,,,,,,100,0,0,0,7,40
24.30,FLYING,SEARCH,0,,,,,,100,0,0,0,7,40
24.33,FLYING,SEARCH,0,,,,,,100,0,0,0,7,40
24.36,FLYING,SEARCH,0,,,,,,100,0,0,0,7,40
24.40,FLYING,SEARCH,0,,,,,,100,0,0,0,7,40
24.43,FLYING,SEARCH,0,,,,,,100,0,0,0,7,40
24.46,FLYING,SEARCH,0,,,,,,100,0,0,0,7,40
24.50,FLYING,SEARCH,0,,,,,,100,0,0,0,7,40
24.53,FLYING,SEARCH,0,,,,,,100,0,0,0,7,40
24.56,FLYING,SEARCH,0,,,,,,100,0,0,0,7,40
24.59,FLYING,SEARCH,0,,,,,,100,0,0,0,7,40
24.63,FLYING,SEARCH,0,,,,,,100,0,0,0,7,40
24.66,FLYING,SEARCH,0,,,,,,100,0,0,0,7,40
24.69,FLYING,SEARCH,0,,,,,,100,0,0,0,7,40
24.73,FLYING,SEARCH,0,,,,,,100,0,0,0,7,40
24.76,FLYING,SEARCH,0,,,,,,100,0,0,0,7,40
24.79,FLYING,SEARCH,0,,,,,,100,0,0,0,7,40
24.82,FLYING,SEARCH,0,,,,,,100,0,0,0,7,40
24.86,FLYING,SEARCH,0,,,,,,100,0,0,0,7,40
24.89,FLYING,SEARCH,0,,,,,,100,0,0,0,7,40
24.92,FLYING,SEARCH,0,,,,,,100,0,0,0,7,40
24.95,FLYING,SEARCH,0,,,,,,100,0,0,0,7,40
24.99,FLYING,SEARCH,0,,,,,,100,0,0,0,5,40
25.02,FLYING,SEARCH,0,,,,,,100,0,0,0,3,40
25.05,FLYING,SEARCH,0,,,,,,100,0,0,0,2,40
25.09,FLYING,SEARCH,0,,,,,,100,0,0,0,1,40
25.12,FLYING,SEARCH,0,,,,,,100,0,0,0,0,40
25.15,FLYING,SEARCH,0,,,,,,100,0,0,0,0,40
25.18,FLYING,SEARCH,0,,,,,,100,0,0,0,0,40
25.22,FLYING,SEARCH,0,,,,,,100,0,0,0,0,40
25.25,FLYING,SEARCH,0,,,,,,100,0,0,0,0,40
25.28,FLYING,SEARCH,0,,,,,,100,0,0,0,0,40
25.31,FLYING,SEARCH,0,,,,,,100,0,0,0,0,40
25.35,FLYING,SEARCH,0,,,,,,100,0,0,0,0,40
25.38,FLYING,SEARCH,0,,,,,,100,0,0,0,0,40
25.41,FLYING,SEARCH,0,,,,,,100,0,0,0,0,40
25.44,FLYING,SEARCH,0,,,,,,100,0,0,0,0,40
25.48,FLYING,SEARCH,0,,,,,,100,0,0,0,0,40
25.51,FLYING,SEARCH,0,,,,,,100,0,0,0,0,40
25.54,FLYING,SEARCH,0,,,,,,100,0,0,0,0,40
25.57,FLYING,SEARCH,0,,,,,,100,0,0,0,0,40
25.61,FLYING,SEARCH,0,,,,,,100,0,0,0,0,40
25.64,FLYING,SEARCH,0,,,,,,100,0,0,0,0,40
25.67,FLYING,SEARCH,0,,,,,,100,0,0,0,0,40
25.70,FLYING,SEARCH,0,,,,,,100,0,0,0,0,40
25.74,FLYING,SEARCH,0,,,,,,100,0,0,0,0,40
25.77,FLYING,SEARCH,0,,,,,,100,0,0,0,0,40
25.80,FLYING,SEARCH,0,,,,,,100,0,0,0,0,40
25.83,FLYING,SEARCH,0,,,,,,100,0,0,0,0,40
25.87,FLYING,SEARCH,0,,,,,,100,0,0,0,0,40
25.90,FLYING,SEARCH,0,,,,,,100,0,0,0,0,40
25.93,FLYING,SEARCH,0,,,,,,100,0,0,0,0,40
25.97,FLYING,SEARCH,0,,,,,,100,0,0,0,0,40
26.00,FLYING,SEARCH,0,,,,,,100,0,0,0,0,40
26.03,FLYING,SEARCH,0,,,,,,100,0,0,0,0,40
26.06,FLYING,SEARCH,0,,,,,,100,0,0,0,0,40
26.10,FLYING,SEARCH,0,,,,,,100,0,0,0,0,40
26.13,FLYING,SEARCH,0,,,,,,100,0,0,0,0,40
26.16,FLYING,SEARCH,0,,,,,,100,0,0,0,0,40
26.20,FLYING,SEARCH,0,,,,,,100,0,0,0,0,40
26.23,FLYING,SEARCH,0,,,,,,100,0,0,0,0,40
26.26,FLYING,SEARCH,0,,,,,,100,0,0,0,0,40
26.29,FLYING,SEARCH,0,,,,,,100,0,0,0,0,40
26.33,FLYING,SEARCH,0,,,,,,100,0,0,0,0,40
26.36,FLYING,SEARCH,0,,,,,,100,0,0,0,0,40
26.39,FLYING,SEARCH,0,,,,,,100,0,0,0,0,40
26.42,FLYING,SEARCH,0,,,,,,100,0,0,0,0,40
26.46,FLYING,SEARCH,0,,,,,,100,0,0,0,0,40
26.49,FLYING,SEARCH,0,,,,,,100,0,0,0,0,40
26.52,FLYING,SEARCH,0,,,,,,100,0,0,0,0,40
26.56,FLYING,SEARCH,0,,,,,,100,0,0,0,0,40
26.59,FLYING,SEARCH,0,,,,,,100,0,0,0,0,40
26.62,FLYING,SEARCH,0,,,,,,100,0,0,0,0,40
26.65,FLYING,SEARCH,0,,,,,,100,0,0,0,0,40
26.69,FLYING,SEARCH,0,,,,,,100,0,0,0,0,40
26.72,FLYING,SEARCH,0,,,,,,100,0,0,0,0,40
26.75,FLYING,SEARCH,0,,,,,,100,0,0,0,0,40
26.78,FLYING,SEARCH,0,,,,,,100,0,0,0,0,40
26.82,FLYING,SEARCH,0,,,,,,100,0,0,0,0,40
26.85,FLYING,SEARCH,0,,,,,,100,0,0,0,0,40
26.88,FLYING,SEARCH,0,,,,,,100,0,0,0,0,40
26.92,FLYING,SEARCH,0,,,,,,100,0,0,0,0,40
26.95,FLYING,SEARCH,0,,,,,,100,0,0,0,0,40
26.98,FLYING,SEARCH,0,,,,,,100,0,0,0,2,40
27.01,FLYING,SEARCH,0,,,,,,100,0,0,0,4,40
27.05,FLYING,SEARCH,0,,,,,,100,0,0,0,5,40
27.08,FLYING,SEARCH,0,,,,,,100,0,0,0,6,40
27.11,FLYING,SEARCH,0,,,,,,100,0,0,0,7,40
27.14,FLYING,SEARCH,0,,,,,,100,0,0,0,7,40
27.18,FLYING,SEARCH,0,,,,,,100,0,0,0,7,39
27.21,FLYING,SEARCH,0,,,,,,100,0,0,0,7,39
27.24,FLYING,SEARCH,0,,,,,,100,0,0,0,7,39
27.27,FLYING,SEARCH,0,,,,,,100,0,0,0,7,39
27.31,FLYING,SEARCH,0,,,,,,100,0,0,0,7,39
27.34,FLYING,SEARCH,0,,,,,,100,0,0,0,7,39
27.37,FLYING,SEARCH,0,,,,,,100,0,0,0,7,39
27.40,FLYING,SEARCH,0,,,,,,100,0,0,0,7,39
27.43,FLYING,SEARCH,0,,,,,,100,0,0,0,7,39
27.47,FLYING,SEARCH,0,,,,,,100,0,0,0,7,39
27.50,FLYING,SEARCH,0,,,,,,100,0,0,0,7,39
27.53,FLYING,SEARCH,0,,,,,,100,0,0,0,7,39
27.56,FLYING,SEARCH,0,,,,,,100,0,0,0,7,39
27.60,FLYING,SEARCH,0,,,,,,100,0,0,0,7,39
27.63,FLYING,SEARCH,0,,,,,,100,0,0,0,7,39
27.66,FLYING,SEARCH,0,,,,,,100,0,0,0,7,39
27.70,FLYING,SEARCH,0,,,,,,100,0,0,0,7,39
27.73,FLYING,SEARCH,0,,,,,,100,0,0,0,7,39
27.76,FLYING,SEARCH,0,,,,,,100,0,0,0,7,39
27.79,FLYING,SEARCH,0,,,,,,100,0,0,0,7,39
27.83,FLYING,SEARCH,0,,,,,,100,0,0,0,7,39
27.86,FLYING,SEARCH,0,,,,,,100,0,0,0,7,39
27.89,FLYING,SEARCH,0,,,,,,100,0,0,0,7,39
27.93,FLYING,SEARCH,0,,,,,,100,0,0,0,7,39
27.96,FLYING,SEARCH,0,,,,,,100,0,0,0,7,39
27.99,FLYING,SEARCH,0,,,,,,100,0,0,0,5,39
28.02,FLYING,SEARCH,0,,,,,,100,0,0,0,3,39
28.06,FLYING,SEARCH,0,,,,,,100,0,0,0,2,39
28.09,FLYING,SEARCH,0,,,,,,100,0,0,0,1,39
28.12,FLYING,SEARCH,0,,,,,,100,0,0,0,0,39
28.15,FLYING,SEARCH,0,,,,,,100,0,0,0,0,39
28.19,FLYING,SEARCH,0,,,,,,100,0,0,0,0,39
28.22,FLYING,SEARCH,0,,,,,,100,0,0,0,0,39
28.25,FLYING,SEARCH,0,,,,,,100,0,0,0,0,39
28.29,FLYING,SEARCH,0,,,,,,100,0,0,0,0,39
28.32,FLYING,SEARCH,0,,,,,,100,0,0,0,0,39
28.35,FLYING,SEARCH,0,,,,,,100,0,0,0,0,39
28.39,FLYING,SEARCH,0,,,,,,100,0,0,0,0,39
28.42,FLYING,SEARCH,0,,,,,,100,0,0,0,0,39
28.45,FLYING,SEARCH,0,,,,,,100,0,0,0,0,39
28.49,FLYING,SEARCH,0,,,,,,100,0,0,0,0,39
28.52,FLYING,SEARCH,0,,,,,,100,0,0,0,0,39
28.55,FLYING,SEARCH,0,,,,,,100,0,0,0,0,39
28.58,FLYING,SEARCH,0,,,,,,100,0,0,0,0,39
28.62,FLYING,SEARCH,0,,,,,,100,0,0,0,0,39
28.65,FLYING,SEARCH,0,,,,,,100,0,0,0,0,39
28.68,FLYING,SEARCH,0,,,,,,100,0,0,0,0,39
28.72,FLYING,SEARCH,0,,,,,,100,0,0,0,0,39
28.75,FLYING,SEARCH,0,,,,,,100,0,0,0,0,39
28.78,FLYING,SEARCH,0,,,,,,100,0,0,0,0,39
28.81,FLYING,SEARCH,0,,,,,,100,0,0,0,0,39
28.85,FLYING,SEARCH,0,,,,,,100,0,0,0,0,39
28.88,FLYING,SEARCH,0,,,,,,100,0,0,0,0,39
28.91,FLYING,SEARCH,0,,,,,,100,0,0,0,0,39
28.94,FLYING,SEARCH,0,,,,,,100,0,0,0,0,39
28.98,FLYING,SEARCH,0,,,,,,100,0,0,0,0,39
29.01,FLYING,SEARCH,0,,,,,,100,0,0,0,0,39
29.04,FLYING,SEARCH,0,,,,,,100,0,0,0,0,39
29.08,FLYING,SEARCH,0,,,,,,100,0,0,0,0,39
29.11,FLYING,SEARCH,0,,,,,,100,0,0,0,0,39
29.14,FLYING,SEARCH,0,,,,,,100,0,0,0,0,38
29.17,FLYING,SEARCH,0,,,,,,100,0,0,0,0,38
29.21,FLYING,SEARCH,0,,,,,,100,0,0,0,0,38
29.24,FLYING,SEARCH,0,,,,,,100,0,0,0,0,38
29.27,FLYING,SEARCH,0,,,,,,100,0,0,0,0,38
29.30,FLYING,SEARCH,0,,,,,,100,0,0,0,0,38
29.34,FLYING,SEARCH,0,,,,,,100,0,0,0,0,38
29.37,FLYING,SEARCH,0,,,,,,100,0,0,0,0,38
29.40,FLYING,SEARCH,0,,,,,,100,0,0,0,0,38
29.43,FLYING,SEARCH,0,,,,,,100,0,0,0,0,38
29.47,FLYING,SEARCH,0,,,,,,100,0,0,0,0,38
29.50,FLYING,SEARCH,0,,,,,,100,0,0,0,0,38
29.53,FLYING,SEARCH,0,,,,,,100,0,0,0,0,38
29.57,FLYING,SEARCH,0,,,,,,100,0,0,0,0,38
29.60,FLYING,SEARCH,0,,,,,,100,0,0,0,0,38
29.63,FLYING,SEARCH,0,,,,,,100,0,0,0,0,38
29.66,FLYING,SEARCH,0,,,,,,100,0,0,0,0,38
29.70,FLYING,SEARCH,0,,,,,,100,0,0,0,0,38
29.73,FLYING,SEARCH,0,,,,,,100,0,0,0,0,38
29.76,FLYING,SEARCH,0,,,,,,100,0,0,0,0,38
29.80,FLYING,SEARCH,0,,,,,,100,0,0,0,0,38
29.83,FLYING,SEARCH,0,,,,,,100,0,0,0,0,38
29.86,FLYING,SEARCH,0,,,,,,100,0,0,0,0,38
29.90,FLYING,SEARCH,0,,,,,,100,0,0,0,0,38
29.93,FLYING,SEARCH,0,,,,,,100,0,0,0,0,38
29.96,FLYING,SEARCH,0,,,,,,100,0,0,0,2,38
29.99,FLYING,SEARCH,0,,,,,,100,0,0,0,4,38
30.06,FLYING,CONFIRMING,1,rotten,0.22,0.96,2.5,,100,-2,0,-7,3,38
30.12,FLYING,CONFIRMING,1,,,,,,100,-1,0,-4,1,38
30.15,FLYING,CONFIRMING,0,,,,,,100,-1,0,-2,1,38
30.19,FLYING,CONFIRMING,0,,,,,,100,0,0,-1,0,38
30.22,FLYING,CONFIRMING,0,,,,,,100,0,0,-1,0,38
30.28,FLYING,CONFIRMING,1,,,,,,100,0,0,0,0,38
30.32,FLYING,CONFIRMING,0,,,,,,100,0,0,0,0,38
30.35,FLYING,CONFIRMING,0,,,,,,100,0,0,0,0,38
30.39,FLYING,CONFIRMING,0,,,,,,100,0,0,0,0,38
30.42,FLYING,CONFIRMING,0,,,,,,100,0,0,0,0,38
30.45,FLYING,CONFIRMING,0,,,,,,100,0,0,0,0,38
30.49,FLYING,CONFIRMING,0,,,,,,100,0,0,0,0,38
30.52,FLYING,CONFIRMING,0,,,,,,100,0,0,0,0,38
30.55,FLYING,CONFIRMING,0,,,,,,100,0,0,0,0,38
30.59,FLYING,SEARCH,0,,,,,,100,0,0,0,2,38
30.65,FLYING,CONFIRMING,1,rotten,0.28,0.97,1.0,,100,-8,0,-2,1,38
30.71,FLYING,CONFIRMING,1,rotten,0.27,1.00,1.0,,100,-14,0,-4,1,38
30.78,FLYING,CONFIRMING,1,rotten,0.23,0.97,1.0,,100,-17,0,-5,0,38
30.84,FLYING,DISLIKE_NO,1,rotten,0.31,0.91,1.0,DISLIKED,100,-22,0,-3,0,38
30.87,FLYING,DISLIKE_NO,0,,,,,DISLIKED,100,-24,0,-2,0,38
30.94,FLYING,DISLIKE_NO,1,rotten,0.36,0.99,1.0,DISLIKED,100,-26,0,-1,0,38
31.00,FLYING,DISLIKE_NO,1,rotten,0.49,1.00,1.1,DISLIKED,100,-27,0,-1,0,38
31.06,FLYING,DISLIKE_NO,1,rotten,0.46,1.00,1.0,DISLIKED,100,-28,0,0,0,38
31.13,FLYING,DISLIKE_NO,1,rotten,0.22,0.99,1.0,DISLIKED,100,-29,0,0,0,38
31.19,FLYING,DISLIKE_NO,1,rotten,0.29,0.91,1.1,DISLIKED,100,-29,0,0,0,38
31.22,FLYING,DISLIKE_NO,0,,,,,DISLIKED,100,-29,0,0,0,38
31.29,FLYING,DISLIKE_NO,1,rotten,0.53,0.93,1.1,DISLIKED,100,-29,0,0,0,38
31.32,FLYING,DISLIKE_NO,0,,,,,DISLIKED,100,-29,0,0,0,38
31.38,FLYING,DISLIKE_NO,1,rotten,0.30,0.99,1.0,DISLIKED,100,-8,0,0,0,38
31.45,FLYING,DISLIKE_NO,1,,,,,DISLIKED,100,4,0,0,0,38
31.51,FLYING,DISLIKE_NO,1,rotten,0.21,0.97,1.0,DISLIKED,100,13,0,0,0,38
31.54,FLYING,DISLIKE_NO,0,,,,,DISLIKED,100,19,0,0,0,38
31.57,FLYING,DISLIKE_NO,0,,,,,DISLIKED,100,23,0,0,0,38
31.61,FLYING,DISLIKE_NO,0,,,,,DISLIKED,100,25,0,0,0,38
31.64,FLYING,DISLIKE_NO,0,,,,,DISLIKED,100,27,0,0,0,38
31.67,FLYING,DISLIKE_NO,0,,,,,DISLIKED,100,28,0,0,0,38
31.71,FLYING,DISLIKE_NO,0,,,,,DISLIKED,100,28,0,0,0,38
31.74,FLYING,DISLIKE_NO,0,,,,,DISLIKED,100,29,0,0,0,38
31.80,FLYING,DISLIKE_NO,1,,,,,DISLIKED,100,29,0,0,0,38
31.83,FLYING,DISLIKE_NO,0,,,,,DISLIKED,100,29,0,0,0,38
31.90,FLYING,DISLIKE_NO,1,rotten,0.37,0.90,1.2,DISLIKED,100,8,0,0,0,38
31.96,FLYING,DISLIKE_NO,1,rotten,0.24,0.90,1.1,DISLIKED,100,-4,0,0,0,38
32.03,FLYING,DISLIKE_NO,1,rotten,0.45,0.81,1.1,DISLIKED,100,-13,0,0,0,38
32.09,FLYING,DISLIKE_NO,1,rotten,0.41,0.87,1.2,DISLIKED,100,-19,0,0,0,38
32.15,FLYING,DISLIKE_NO,1,rotten,0.43,0.98,1.1,DISLIKED,100,-23,0,0,0,38
32.21,FLYING,DISLIKE_NO,1,rotten,0.35,0.95,1.2,DISLIKED,100,-25,0,0,0,38
32.28,FLYING,DISLIKE_NO,1,,,,,DISLIKED,100,-27,0,0,0,38
32.34,FLYING,DISLIKE_NO,1,rotten,0.43,0.99,1.2,DISLIKED,100,-7,0,0,0,38
32.41,FLYING,DISLIKE_NO,1,rotten,0.76,0.86,1.2,DISLIKED,100,5,0,0,0,38
32.47,FLYING,DISLIKE_NO,1,rotten,0.63,0.90,1.2,DISLIKED,100,14,0,0,0,38
32.53,FLYING,DISLIKE_NO,1,rotten,0.66,0.87,1.1,DISLIKED,100,19,0,0,0,38
32.56,FLYING,DISLIKE_NO,0,,,,,DISLIKED,100,23,0,0,0,38
32.63,FLYING,DISLIKE_NO,1,rotten,0.40,1.00,1.3,DISLIKED,100,25,0,0,0,38
32.69,FLYING,DISLIKE_NO,1,rotten,0.63,0.94,1.2,DISLIKED,100,27,0,0,0,38
32.76,FLYING,DISLIKE_NO,1,rotten,0.77,0.95,1.2,DISLIKED,100,28,0,0,0,38
32.82,FLYING,DISLIKE_NO,1,rotten,0.75,0.87,1.3,DISLIKED,100,28,0,0,0,38
32.88,FLYING,MOVE_ON,1,freshripe,0.61,0.91,1.2,DISLIKED,100,18,2,0,3,38
32.95,FLYING,MOVE_ON,1,rotten,0.55,0.93,1.2,DISLIKED,100,12,4,0,5,38
33.01,FLYING,MOVE_ON,1,freshripe,0.50,0.87,1.2,DISLIKED,100,7,5,0,7,38
33.07,FLYING,MOVE_ON,1,rotten,0.60,0.55,1.2,DISLIKED,100,5,6,0,8,38
33.13,FLYING,MOVE_ON,1,rotten,0.60,0.64,1.1,DISLIKED,100,3,7,0,8,38
33.20,FLYING,MOVE_ON,1,rotten,0.63,0.87,1.2,DISLIKED,100,2,7,0,9,37
33.26,FLYING,MOVE_ON,1,rotten,0.50,0.63,1.3,DISLIKED,100,1,7,0,9,37
33.33,FLYING,MOVE_ON,1,rotten,0.62,0.83,1.2,DISLIKED,100,0,7,0,9,37
33.39,FLYING,MOVE_ON,1,rotten,0.50,0.65,1.2,DISLIKED,100,0,7,0,9,37
33.46,FLYING,MOVE_ON,1,rotten,0.61,0.87,1.2,DISLIKED,100,0,7,0,9,37
33.52,FLYING,MOVE_ON,1,rotten,0.61,0.56,1.3,DISLIKED,100,0,7,0,9,37
33.55,FLYING,MOVE_ON,0,,,,,DISLIKED,100,0,7,0,9,37
33.62,FLYING,MOVE_ON,1,rotten,0.58,0.98,1.3,DISLIKED,100,0,7,0,9,37
33.68,FLYING,MOVE_ON,1,rotten,0.65,0.89,1.3,DISLIKED,100,0,7,0,9,37
33.74,FLYING,MOVE_ON,1,rotten,0.73,0.98,1.3,DISLIKED,100,0,7,0,9,37
33.80,FLYING,MOVE_ON,1,rotten,0.43,0.69,1.2,DISLIKED,100,0,7,0,9,37
33.87,FLYING,MOVE_ON,1,rotten,0.54,0.74,1.2,DISLIKED,100,0,7,0,9,37
33.93,FLYING,MOVE_ON,1,rotten,0.42,0.92,1.2,DISLIKED,100,0,7,0,9,37
34.00,FLYING,MOVE_ON,1,freshripe,0.41,0.73,1.3,DISLIKED,100,0,7,0,9,37
34.06,FLYING,MOVE_ON,1,freshripe,0.72,0.94,1.2,DISLIKED,100,0,7,0,9,37
34.12,FLYING,MOVE_ON,1,rotten,0.67,0.58,1.2,DISLIKED,100,0,7,0,9,37
34.19,FLYING,MOVE_ON,1,rotten,0.58,0.83,1.1,DISLIKED,100,0,7,0,9,37
34.25,FLYING,MOVE_ON,1,rotten,0.63,0.92,1.2,DISLIKED,100,0,7,0,9,37
34.31,FLYING,MOVE_ON,1,rotten,0.69,0.76,1.2,DISLIKED,100,0,7,0,9,37
34.38,FLYING,MOVE_ON,1,freshripe,0.69,0.69,1.2,DISLIKED,100,0,7,0,9,37
34.44,FLYING,SEARCH,1,rotten,0.65,0.73,1.3,DISLIKED,100,0,5,0,6,37
34.50,FLYING,SEARCH,1,rotten,0.68,0.79,1.2,DISLIKED,100,0,3,0,4,37
34.57,FLYING,SEARCH,1,rotten,0.62,0.85,1.2,DISLIKED,100,0,2,0,2,37
34.63,FLYING,SEARCH,1,rotten,0.58,0.99,1.2,DISLIKED,100,0,1,0,1,37
34.69,FLYING,SEARCH,1,rotten,0.58,0.97,1.2,DISLIKED,100,0,0,0,1,37
34.76,FLYING,SEARCH,1,rotten,0.78,0.75,1.1,DISLIKED,100,0,0,0,0,37
34.82,FLYING,SEARCH,1,rotten,0.64,0.84,1.2,DISLIKED,100,0,0,0,0,37
34.88,FLYING,SEARCH,1,rotten,0.57,0.92,1.2,DISLIKED,100,0,0,0,0,37
34.95,FLYING,SEARCH,1,rotten,0.79,0.96,1.3,DISLIKED,100,0,0,0,0,37
35.01,FLYING,SEARCH,1,rotten,0.68,0.99,1.3,DISLIKED,100,0,0,0,0,37
35.08,FLYING,SEARCH,1,rotten,0.72,0.96,1.3,DISLIKED,100,0,0,0,0,37
35.14,FLYING,SEARCH,1,rotten,0.78,0.57,1.3,DISLIKED,100,0,0,0,0,37
35.20,FLYING,SEARCH,1,rotten,0.74,0.97,1.4,DISLIKED,100,0,0,0,0,37
35.27,FLYING,SEARCH,1,rotten,0.78,0.81,1.4,DISLIKED,100,0,0,0,0,37
35.33,FLYING,SEARCH,1,rotten,0.77,0.97,1.4,DISLIKED,100,0,0,0,0,37
35.39,FLYING,SEARCH,1,rotten,0.83,1.00,1.6,DISLIKED,100,0,0,0,0,37
35.46,FLYING,SEARCH,1,rotten,0.78,0.80,1.6,DISLIKED,100,0,0,0,0,37
35.49,FLYING,SEARCH,0,,,,,DISLIKED,100,0,0,0,0,37
35.52,FLYING,SEARCH,0,,,,,DISLIKED,100,0,0,0,0,37
35.55,FLYING,SEARCH,0,,,,,DISLIKED,100,0,0,0,0,37
35.59,FLYING,SEARCH,0,,,,,DISLIKED,100,0,0,0,0,37
35.65,FLYING,SEARCH,1,rotten,0.71,0.99,1.8,DISLIKED,100,0,0,0,0,37
35.71,FLYING,SEARCH,1,rotten,0.70,0.98,1.9,DISLIKED,100,0,0,0,0,37
35.78,FLYING,SEARCH,1,rotten,0.75,1.00,2.0,DISLIKED,100,0,0,0,0,37
35.84,FLYING,SEARCH,1,rotten,0.79,0.69,2.1,DISLIKED,100,0,0,0,0,37
35.90,FLYING,SEARCH,1,rotten,0.68,0.62,2.0,DISLIKED,100,0,0,0,0,37
35.97,FLYING,SEARCH,1,freshripe,0.57,0.71,2.1,DISLIKED,100,0,0,0,2,37
36.03,FLYING,SEARCH,1,freshripe,0.59,0.92,2.2,DISLIKED,100,0,0,0,4,37
36.09,FLYING,SEARCH,1,freshripe,0.53,0.67,2.1,DISLIKED,100,0,0,0,5,37
36.16,FLYING,SEARCH,1,freshripe,0.67,0.63,2.3,DISLIKED,100,0,0,0,6,37
36.22,FLYING,SEARCH,1,rotten,0.63,0.94,1.7,DISLIKED,100,0,0,0,7,37
36.28,FLYING,SEARCH,1,rotten,0.72,0.70,1.6,DISLIKED,100,0,0,0,7,36
36.35,FLYING,SEARCH,1,rotten,0.55,0.87,1.4,DISLIKED,100,0,0,0,7,36
36.41,FLYING,SEARCH,1,rotten,0.76,0.63,1.3,DISLIKED,100,0,0,0,7,36
36.48,FLYING,SEARCH,1,rotten,0.25,0.64,1.2,DISLIKED,100,0,0,0,7,36
36.57,FLYING,SEARCH,2,rotten,0.49,0.98,1.2,DISLIKED,100,0,0,0,7,36
36.63,FLYING,SEARCH,1,rotten,0.68,0.98,1.2,DISLIKED,100,0,0,0,7,36
36.73,FLYING,SEARCH,2,freshripe,0.69,0.51,1.2,DISLIKED,100,0,0,0,7,36
36.82,FLYING,SEARCH,2,rotten,0.58,0.83,1.1,DISLIKED,100,0,0,0,7,36
36.89,FLYING,SEARCH,1,rotten,0.47,0.72,1.1,DISLIKED,100,0,0,0,7,36
36.98,FLYING,SEARCH,2,freshripe,0.57,0.57,1.1,DISLIKED,100,0,0,0,5,36
37.04,FLYING,SEARCH,1,rotten,0.54,0.67,1.1,DISLIKED,100,0,0,0,3,36
37.11,FLYING,SEARCH,1,rotten,0.63,0.76,1.0,DISLIKED,100,0,0,0,2,36
37.17,FLYING,SEARCH,1,rotten,0.48,0.93,1.2,DISLIKED,100,0,0,0,1,36
37.23,FLYING,SEARCH,1,rotten,0.35,0.89,1.0,DISLIKED,100,0,0,0,0,36
37.30,FLYING,SEARCH,1,rotten,0.58,0.91,1.0,DISLIKED,100,0,0,0,0,36
37.36,FLYING,SEARCH,1,rotten,0.31,0.91,0.8,DISLIKED,100,0,0,0,0,36
37.39,FLYING,SEARCH,0,,,,,DISLIKED,100,0,0,0,0,36
37.43,FLYING,SEARCH,0,,,,,DISLIKED,100,0,0,0,0,36
37.46,FLYING,SEARCH,0,,,,,DISLIKED,100,0,0,0,0,36
37.49,FLYING,SEARCH,0,,,,,DISLIKED,100,0,0,0,0,36
37.52,FLYING,SEARCH,0,,,,,DISLIKED,100,0,0,0,0,36
37.56,FLYING,SEARCH,0,,,,,DISLIKED,100,0,0,0,0,36
37.59,FLYING,SEARCH,0,,,,,DISLIKED,100,0,0,0,0,36
37.62,FLYING,SEARCH,0,,,,,DISLIKED,100,0,0,0,0,36
37.65,FLYING,SEARCH,0,,,,,DISLIKED,100,0,0,0,0,36
37.69,FLYING,SEARCH,0,,,,,DISLIKED,100,0,0,0,0,36
37.72,FLYING,SEARCH,0,,,,,DISLIKED,100,0,0,0,0,36
37.75,FLYING,SEARCH,0,,,,,DISLIKED,100,0,0,0,0,36
37.79,FLYING,SEARCH,0,,,,,DISLIKED,100,0,0,0,0,36
37.82,FLYING,SEARCH,0,,,,,DISLIKED,100,0,0,0,0,36
37.85,FLYING,SEARCH,0,,,,,DISLIKED,100,0,0,0,0,36
37.88,FLYING,SEARCH,0,,,,,DISLIKED,100,0,0,0,0,36
37.92,FLYING,SEARCH,0,,,,,DISLIKED,100,0,0,0,0,36
37.95,FLYING,SEARCH,0,,,,,DISLIKED,100,0,0,0,0,36
37.98,FLYING,SEARCH,0,,,,,DISLIKED,100,0,0,0,0,36
38.02,FLYING,SEARCH,0,,,,,DISLIKED,100,0,0,0,0,36
38.05,FLYING,SEARCH,0,,,,,DISLIKED,100,0,0,0,0,36
38.08,FLYING,SEARCH,0,,,,,DISLIKED,100,0,0,0,0,36
38.11,FLYING,SEARCH,0,,,,,DISLIKED,100,0,0,0,0,36
38.14,FLYING,SEARCH,0,,,,,DISLIKED,100,0,0,0,0,36
38.18,FLYING,SEARCH,0,,,,,DISLIKED,100,0,0,0,0,36
38.21,FLYING,SEARCH,0,,,,,DISLIKED,100,0,0,0,0,36
38.24,FLYING,SEARCH,0,,,,,DISLIKED,100,0,0,0,0,35
38.28,FLYING,SEARCH,0,,,,,DISLIKED,100,0,0,0,0,35
38.31,FLYING,SEARCH,0,,,,,DISLIKED,100,0,0,0,0,35
38.34,FLYING,SEARCH,0,,,,,DISLIKED,100,0,0,0,0,35
38.38,FLYING,SEARCH,0,,,,,DISLIKED,100,0,0,0,0,35
38.41,FLYING,SEARCH,0,,,,,DISLIKED,100,0,0,0,0,35
38.44,FLYING,SEARCH,0,,,,,DISLIKED,100,0,0,0,0,35
38.47,FLYING,SEARCH,0,,,,,DISLIKED,100,0,0,0,0,35
38.51,FLYING,SEARCH,0,,,,,DISLIKED,100,0,0,0,0,35
38.54,FLYING,SEARCH,0,,,,,DISLIKED,100,0,0,0,0,35
38.57,FLYING,SEARCH,0,,,,,DISLIKED,100,0,0,0,0,35
38.60,FLYING,SEARCH,0,,,,,DISLIKED,100,0,0,0,0,35
38.64,FLYING,SEARCH,0,,,,,DISLIKED,100,0,0,0,0,35
38.67,FLYING,SEARCH,0,,,,,DISLIKED,100,0,0,0,0,35
38.70,FLYING,SEARCH,0,,,,,DISLIKED,100,0,0,0,0,35
38.73,FLYING,SEARCH,0,,,,,DISLIKED,100,0,0,0,0,35
38.77,FLYING,SEARCH,0,,,,,DISLIKED,100,0,0,0,0,35
38.80,FLYING,SEARCH,0,,,,,DISLIKED,100,0,0,0,0,35
38.83,FLYING,SEARCH,0,,,,,DISLIKED,100,0,0,0,0,35
38.87,FLYING,SEARCH,0,,,,,DISLIKED,100,0,0,0,0,35
38.90,FLYING,SEARCH,0,,,,,DISLIKED,100,0,0,0,0,35
38.93,FLYING,SEARCH,0,,,,,DISLIKED,100,0,0,0,0,35
38.96,FLYING,SEARCH,0,,,,,DISLIKED,100,0,0,0,2,35
39.00,FLYING,SEARCH,0,,,,,DISLIKED,100,0,0,0,4,35
39.03,FLYING,SEARCH,0,,,,,DISLIKED,100,0,0,0,5,35
39.06,FLYING,SEARCH,0,,,,,DISLIKED,100,0,0,0,6,35
39.10,FLYING,SEARCH,0,,,,,DISLIKED,100,0,0,0,7,35
39.13,FLYING,SEARCH,0,,,,,DISLIKED,100,0,0,0,7,35
39.16,FLYING,SEARCH,0,,,,,DISLIKED,100,0,0,0,7,35
39.19,FLYING,SEARCH,0,,,,,DISLIKED,100,0,0,0,7,35
39.23,FLYING,SEARCH,0,,,,,DISLIKED,100,0,0,0,7,35
39.26,FLYING,SEARCH,0,,,,,DISLIKED,100,0,0,0,7,35
39.29,FLYING,SEARCH,0,,,,,DISLIKED,100,0,0,0,7,35
39.33,FLYING,SEARCH,0,,,,,DISLIKED,100,0,0,0,7,35
39.36,FLYING,SEARCH,0,,,,,DISLIKED,100,0,0,0,7,35
39.39,FLYING,SEARCH,0,,,,,DISLIKED,100,0,0,0,7,35
39.42,FLYING,SEARCH,0,,,,,DISLIKED,100,0,0,0,7,35
39.46,FLYING,SEARCH,0,,,,,DISLIKED,100,0,0,0,7,35
39.49,FLYING,SEARCH,0,,,,,DISLIKED,100,0,0,0,7,35
39.52,FLYING,SEARCH,0,,,,,DISLIKED,100,0,0,0,7,35
39.55,FLYING,SEARCH,0,,,,,DISLIKED,100,0,0,0,7,35
39.58,FLYING,SEARCH,0,,,,,DISLIKED,100,0,0,0,7,35
39.62,FLYING,SEARCH,0,,,,,DISLIKED,100,0,0,0,7,35
39.65,FLYING,SEARCH,0,,,,,DISLIKED,100,0,0,0,7,35
39.68,FLYING,SEARCH,0,,,,,DISLIKED,100,0,0,0,7,35
39.72,FLYING,SEARCH,0,,,,,DISLIKED,100,0,0,0,7,35
39.75,FLYING,SEARCH,0,,,,,DISLIKED,100,0,0,0,7,35
39.78,FLYING,SEARCH,0,,,,,DISLIKED,100,0,0,0,7,35
39.81,FLYING,SEARCH,0,,,,,DISLIKED,100,0,0,0,7,35
39.85,FLYING,SEARCH,0,,,,,DISLIKED,100,0,0,0,7,35
39.88,FLYING,SEARCH,0,,,,,DISLIKED,100,0,0,0,7,35
39.91,FLYING,SEARCH,0,,,,,DISLIKED,100,0,0,0,7,35
39.94,FLYING,SEARCH,0,,,,,DISLIKED,100,0,0,0,7,35
39.98,FLYING,SEARCH,0,,,,,DISLIKED,100,0,0,0,5,35
40.01,FLYING,SEARCH,0,,,,,DISLIKED,100,0,0,0,3,35
40.04,FLYING,SEARCH,0,,,,,DISLIKED,100,0,0,0,2,35
40.07,FLYING,SEARCH,0,,,,,DISLIKED,100,0,0,0,1,35
40.11,FLYING,SEARCH,0,,,,,DISLIKED,100,0,0,0,0,35
40.14,FLYING,SEARCH,0,,,,,DISLIKED,100,0,0,0,0,35
40.17,FLYING,SEARCH,0,,,,,DISLIKED,100,0,0,0,0,34
40.20,FLYING,SEARCH,0,,,,,DISLIKED,100,0,0,0,0,34
40.24,FLYING,SEARCH,0,,,,,DISLIKED,100,0,0,0,0,34
40.27,FLYING,SEARCH,0,,,,,DISLIKED,100,0,0,0,0,34
40.30,FLYING,SEARCH,0,,,,,DISLIKED,100,0,0,0,0,34
40.33,FLYING,SEARCH,0,,,,,DISLIKED,100,0,0,0,0,34
40.37,FLYING,SEARCH,0,,,,,,100,0,0,0,0,34
40.40,FLYING,SEARCH,0,,,,,,100,0,0,0,0,34
40.43,FLYING,SEARCH,0,,,,,,100,0,0,0,0,34
40.46,FLYING,SEARCH,0,,,,,,100,0,0,0,0,34
40.50,FLYING,SEARCH,0,,,,,,100,0,0,0,0,34
40.53,FLYING,SEARCH,0,,,,,,100,0,0,0,0,34
40.56,FLYING,SEARCH,0,,,,,,100,0,0,0,0,34
40.60,FLYING,SEARCH,0,,,,,,100,0,0,0,0,34
40.63,FLYING,SEARCH,0,,,,,,100,0,0,0,0,34
40.66,FLYING,SEARCH,0,,,,,,100,0,0,0,0,34
40.70,FLYING,SEARCH,0,,,,,,100,0,0,0,0,34
40.73,FLYING,SEARCH,0,,,,,,100,0,0,0,0,34
40.76,FLYING,SEARCH,0,,,,,,100,0,0,0,0,34
40.79,FLYING,SEARCH,0,,,,,,100,0,0,0,0,34
40.83,FLYING,SEARCH,0,,,,,,100,0,0,0,0,34
40.86,FLYING,SEARCH,0,,,,,,100,0,0,0,0,34
40.89,FLYING,SEARCH,0,,,,,,100,0,0,0,0,34
40.93,FLYING,SEARCH,0,,,,,,100,0,0,0,0,34
40.96,FLYING,SEARCH,0,,,,,,100,0,0,0,0,34
40.99,FLYING,SEARCH,0,,,,,,100,0,0,0,0,34
41.02,FLYING,SEARCH,0,,,,,,100,0,0,0,0,34
41.06,FLYING,SEARCH,0,,,,,,100,0,0,0,0,34
41.09,FLYING,SEARCH,0,,,,,,100,0,0,0,0,34
41.12,FLYING,SEARCH,0,,,,,,100,0,0,0,0,34
41.15,FLYING,SEARCH,0,,,,,,100,0,0,0,0,34
41.19,FLYING,SEARCH,0,,,,,,100,0,0,0,0,34
41.22,FLYING,SEARCH,0,,,,,,100,0,0,0,0,34
41.25,FLYING,SEARCH,0,,,,,,100,0,0,0,0,34
41.29,FLYING,SEARCH,0,,,,,,100,0,0,0,0,34
41.32,FLYING,SEARCH,0,,,,,,100,0,0,0,0,34
41.35,FLYING,SEARCH,0,,,,,,100,0,0,0,0,34
41.38,FLYING,SEARCH,0,,,,,,100,0,0,0,0,34
41.42,FLYING,SEARCH,0,,,,,,100,0,0,0,0,34
41.45,FLYING,SEARCH,0,,,,,,100,0,0,0,0,34
41.48,FLYING,SEARCH,0,,,,,,100,0,0,0,0,34
41.51,FLYING,SEARCH,0,,,,,,100,0,0,0,0,34
41.55,FLYING,SEARCH,0,,,,,,100,0,0,0,0,34
41.58,FLYING,SEARCH,0,,,,,,100,0,0,0,0,34
41.61,FLYING,SEARCH,0,,,,,,100,0,0,0,0,34
41.65,FLYING,SEARCH,0,,,,,,100,0,0,0,0,34
41.68,FLYING,SEARCH,0,,,,,,100,0,0,0,0,34
41.71,FLYING,SEARCH,0,,,,,,100,0,0,0,0,34
41.74,FLYING,SEARCH,0,,,,,,100,0,0,0,0,34
41.78,FLYING,SEARCH,0,,,,,,100,0,0,0,0,34
41.81,FLYING,SEARCH,0,,,,,,100,0,0,0,0,34
41.84,FLYING,SEARCH,0,,,,,,100,0,0,0,0,34
41.87,FLYING,SEARCH,0,,,,,,100,0,0,0,0,34
41.91,FLYING,SEARCH,0,,,,,,100,0,0,0,0,34
41.94,FLYING,SEARCH,0,,,,,,100,0,0,0,0,34
41.97,FLYING,SEARCH,0,,,,,,100,0,0,0,2,34
42.00,FLYING,SEARCH,0,,,,,,100,0,0,0,4,34
42.04,FLYING,SEARCH,0,,,,,,100,0,0,0,5,34
42.07,FLYING,SEARCH,0,,,,,,100,0,0,0,6,34
42.10,FLYING,SEARCH,0,,,,,,100,0,0,0,7,34
42.13,FLYING,SEARCH,0,,,,,,100,0,0,0,7,34
42.17,FLYING,SEARCH,0,,,,,,100,0,0,0,7,34
42.20,FLYING,SEARCH,0,,,,,,100,0,0,0,7,34
42.23,FLYING,SEARCH,0,,,,,,100,0,0,0,7,34
42.27,FLYING,SEARCH,0,,,,,,100,0,0,0,7,34
42.30,FLYING,SEARCH,0,,,,,,100,0,0,0,7,34
42.33,FLYING,SEARCH,0,,,,,,100,0,0,0,7,34
42.36,FLYING,SEARCH,0,,,,,,100,0,0,0,7,34
42.40,FLYING,SEARCH,0,,,,,,100,0,0,0,7,34
42.43,FLYING,SEARCH,0,,,,,,100,0,0,0,7,34
42.46,FLYING,SEARCH,0,,,,,,100,0,0,0,7,34
42.50,FLYING,SEARCH,0,,,,,,100,0,0,0,7,34
42.53,FLYING,SEARCH,0,,,,,,100,0,0,0,7,34
42.56,FLYING,SEARCH,0,,,,,,100,0,0,0,7,34
42.59,FLYING,SEARCH,0,,,,,,100,0,0,0,7,34
42.63,FLYING,SEARCH,0,,,,,,100,0,0,0,7,34
42.66,FLYING,SEARCH,0,,,,,,100,0,0,0,7,34
42.69,FLYING,SEARCH,0,,,,,,100,0,0,0,7,34
42.73,FLYING,SEARCH,0,,,,,,100,0,0,0,7,34
42.76,FLYING,SEARCH,0,,,,,,100,0,0,0,7,34
42.79,FLYING,SEARCH,0,,,,,,100,0,0,0,7,34
42.82,FLYING,SEARCH,0,,,,,,100,0,0,0,7,34
42.86,FLYING,SEARCH,0,,,,,,100,0,0,0,7,34
42.89,FLYING,SEARCH,0,,,,,,100,0,0,0,7,34
42.92,FLYING,SEARCH,0,,,,,,100,0,0,0,7,34
42.96,FLYING,SEARCH,0,,,,,,100,0,0,0,7,34
43.02,FLYING,CONFIRMING,1,freshripe,0.30,0.80,1.0,,100,8,0,-7,5,34
43.08,FLYING,CONFIRMING,1,freshripe,0.67,0.71,1.1,,100,14,0,-11,3,34
43.15,FLYING,CONFIRMING,1,freshripe,0.76,0.97,1.1,,100,18,0,-14,2,34
43.21,FLYING,CONFIRMING,1,freshripe,0.53,0.86,1.2,,100,20,0,-16,1,33
43.27,FLYING,LIKE_YES,1,freshripe,0.66,0.80,1.3,LIKED,100,22,0,1,0,33
43.34,FLYING,LIKE_YES,1,freshripe,0.73,0.65,1.3,LIKED,100,23,0,13,0,33
43.40,FLYING,LIKE_YES,1,freshripe,0.68,0.95,1.4,LIKED,100,23,0,20,0,33
43.47,FLYING,LIKE_YES,1,freshripe,0.74,0.75,1.5,LIKED,100,24,0,25,0,33
43.53,FLYING,LIKE_YES,1,freshripe,0.78,0.94,1.5,LIKED,100,24,0,29,0,33
43.59,FLYING,LIKE_YES,1,freshripe,0.82,0.97,1.5,LIKED,100,24,0,31,0,33
43.66,FLYING,LIKE_YES,1,freshripe,0.72,0.85,1.6,LIKED,100,24,0,32,0,33
43.72,FLYING,LIKE_YES,1,freshripe,0.46,0.94,1.6,LIKED,100,24,0,33,0,33
43.78,FLYING,LIKE_YES,1,rotten,0.33,0.78,1.6,LIKED,100,24,0,9,0,33
43.85,FLYING,LIKE_YES,1,rotten,0.31,0.75,1.7,LIKED,100,24,0,-6,0,33
43.91,FLYING,LIKE_YES,1,rotten,0.39,0.53,1.7,LIKED,100,24,0,-16,0,33
43.98,FLYING,LIKE_YES,1,freshripe,0.38,0.76,1.7,LIKED,100,24,0,-22,0,33
44.04,FLYING,LIKE_YES,1,rotten,0.73,0.95,1.6,LIKED,100,24,0,-27,0,33
44.10,FLYING,LIKE_YES,1,rotten,0.61,0.64,1.4,LIKED,100,24,0,-29,0,33
44.17,FLYING,LIKE_YES,1,freshripe,0.71,0.72,1.3,LIKED,100,24,0,-31,0,33
44.23,FLYING,LIKE_YES,1,freshripe,0.40,0.60,1.2,LIKED,100,24,0,-32,0,33
44.29,FLYING,LIKE_YES,1,rotten,0.42,0.63,1.7,LIKED,100,24,0,-9,0,33
44.33,FLYING,LIKE_YES,0,,,,,LIKED,100,16,0,6,0,33
44.36,FLYING,LIKE_YES,0,,,,,LIKED,100,10,0,16,0,33
44.42,FLYING,LIKE_YES,1,,,,,LIKED,100,6,0,22,0,33
44.52,FLYING,LIKE_YES,2,rotten,0.21,0.99,2.1,LIKED,100,13,0,27,0,33
44.58,FLYING,LIKE_YES,1,freshripe,0.68,0.99,1.2,LIKED,100,17,0,29,0,33
44.67,FLYING,LIKE_YES,2,rotten,0.65,0.75,1.4,LIKED,100,20,0,31,0,33
44.74,FLYING,LIKE_YES,1,freshripe,0.61,0.67,1.5,LIKED,100,21,0,32,0,33
44.80,FLYING,LIKE_YES,1,freshripe,0.65,0.98,1.5,LIKED,100,22,0,9,0,33
44.86,FLYING,LIKE_YES,1,freshripe,0.84,0.96,1.5,LIKED,100,23,0,-6,0,33
44.93,FLYING,LIKE_YES,1,freshripe,0.76,0.86,1.4,LIKED,100,24,0,-16,0,33
44.99,FLYING,LIKE_YES,1,freshripe,0.69,0.93,1.3,LIKED,100,24,0,-22,0,33
45.05,FLYING,LIKE_YES,1,freshripe,0.61,0.92,1.2,LIKED,100,24,0,-27,0,33
45.09,FLYING,LIKE_YES,0,,,,,LIKED,100,16,0,-29,0,33
45.12,FLYING,LIKE_YES,0,,,,,LIKED,100,10,0,-31,0,33
45.15,FLYING,LIKE_YES,0,,,,,LIKED,100,6,0,-32,0,33
45.22,FLYING,LIKE_YES,1,rotten,0.32,0.78,1.1,LIKED,100,13,0,-33,0,33
45.28,FLYING,APPROACH,1,rotten,0.71,0.74,1.0,LIKED,100,8,0,-21,0,33
45.34,FLYING,APPROACH,1,rotten,0.38,0.68,1.0,LIKED,100,14,4,-21,5,33
45.38,FLYING,APPROACH,0,,,,,LIKED,100,9,2,-13,3,33
45.44,FLYING,APPROACH,1,rotten,0.31,0.88,1.1,LIKED,100,14,5,-15,7,33
45.50,FLYING,APPROACH,1,rotten,0.40,0.79,1.2,LIKED,100,18,8,-17,9,33
45.57,FLYING,APPROACH,1,rotten,0.65,0.89,1.2,LIKED,100,20,9,-18,11,33
45.60,FLYING,APPROACH,0,,,,,LIKED,100,13,6,-11,7,33
45.63,FLYING,APPROACH,0,,,,,LIKED,100,8,3,-7,4,33
45.69,FLYING,APPROACH,1,,,,,LIKED,100,5,2,-5,3,33
45.76,FLYING,APPROACH,1,rotten,0.81,0.64,1.4,LIKED,100,11,5,-10,6,33
45.82,FLYING,APPROACH,1,freshripe,0.77,0.57,1.5,LIKED,100,14,7,-13,8,33
45.86,FLYING,APPROACH,0,,,,,LIKED,100,9,4,-8,5,33
45.92,FLYING,APPROACH,1,rotten,0.81,0.92,1.5,LIKED,100,13,6,-12,7,33
45.98,FLYING,APPROACH,1,rotten,0.76,0.90,1.6,LIKED,100,15,8,-15,8,33
46.05,FLYING,APPROACH,1,rotten,0.80,0.96,1.6,LIKED,100,16,9,-16,9,33
46.11,FLYING,APPROACH,1,freshripe,0.80,0.73,1.5,LIKED,100,16,9,-18,9,33
46.17,FLYING,APPROACH,1,rotten,0.58,0.90,1.5,LIKED,100,16,10,-18,9,33
46.20,FLYING,APPROACH,0,,,,,LIKED,100,10,6,-12,6,33
46.27,FLYING,APPROACH,1,rotten,0.65,0.90,1.4,LIKED,100,12,8,-14,7,33
46.33,FLYING,APPROACH,1,rotten,0.57,0.92,1.3,LIKED,100,13,9,-16,7,33
46.40,FLYING,APPROACH,1,rotten,0.57,0.79,1.2,LIKED,100,14,10,-17,8,33
46.46,FLYING,APPROACH,1,rotten,0.44,0.60,1.1,LIKED,100,14,10,-18,8,33
46.49,FLYING,APPROACH,0,,,,,LIKED,100,9,7,-12,5,33
46.53,FLYING,APPROACH,0,,,,,LIKED,100,5,4,-7,3,33
46.56,FLYING,APPROACH,0,,,,,LIKED,100,3,2,-5,2,33
46.59,FLYING,APPROACH,0,,,,,LIKED,100,2,1,-3,1,33
46.63,FLYING,APPROACH,0,,,,,LIKED,100,1,1,-2,0,33
46.66,FLYING,APPROACH,0,,,,,LIKED,100,1,0,-1,0,33
46.69,FLYING,APPROACH,0,,,,,LIKED,100,0,0,0,0,33
46.72,FLYING,APPROACH,0,,,,,LIKED,100,0,0,0,0,33
46.76,FLYING,APPROACH,0,,,,,LIKED,100,0,0,0,0,33
46.79,FLYING,APPROACH,0,,,,,LIKED,100,0,0,0,0,33
46.82,FLYING,APPROACH,0,,,,,LIKED,100,0,0,0,0,33
46.85,FLYING,APPROACH,0,,,,,LIKED,100,0,0,0,0,33
46.89,FLYING,APPROACH,0,,,,,LIKED,100,0,0,0,0,33
46.92,FLYING,APPROACH,0,,,,,LIKED,100,0,0,0,0,33
46.98,FLYING,APPROACH,1,rotten,0.29,0.79,0.7,LIKED,100,4,4,-7,2,33
47.02,FLYING,APPROACH,0,,,,,LIKED,100,2,2,-4,1,33
47.05,FLYING,APPROACH,0,,,,,LIKED,100,1,1,-2,1,33
47.11,FLYING,APPROACH,1,rotten,0.25,0.86,0.5,LIKED,100,5,5,-8,3,33
47.18,FLYING,APPROACH,1,rotten,0.33,0.86,0.4,LIKED,100,8,8,-12,4,33
47.21,FLYING,APPROACH,0,,,,,LIKED,100,5,5,-8,3,32
47.24,FLYING,APPROACH,0,,,,,LIKED,100,3,3,-5,2,32
47.28,FLYING,APPROACH,0,,,,,LIKED,100,2,2,-3,1,32
47.31,FLYING,APPROACH,0,,,,,LIKED,100,1,1,-2,0,32
47.34,FLYING,APPROACH,0,,,,,LIKED,100,0,0,-1,0,32
47.37,FLYING,APPROACH,0,,,,,LIKED,100,0,0,0,0,32
47.41,FLYING,APPROACH,0,,,,,LIKED,100,0,0,0,0,32
47.44,FLYING,APPROACH,0,,,,,LIKED,100,0,0,0,0,32
47.47,FLYING,APPROACH,0,,,,,LIKED,100,0,0,0,0,32
47.50,FLYING,APPROACH,0,,,,,LIKED,100,0,0,0,0,32
47.54,FLYING,APPROACH,0,,,,,LIKED,100,0,0,0,0,32
47.57,FLYING,APPROACH,0,,,,,LIKED,100,0,0,0,0,32
47.60,FLYING,APPROACH,0,,,,,LIKED,100,0,0,0,0,32
47.63,FLYING,APPROACH,0,,,,,LIKED,100,0,0,0,0,32
47.67,FLYING,APPROACH,0,,,,,LIKED,100,0,0,0,0,32
47.70,FLYING,SEARCH,0,,,,,LIKED,100,0,0,0,0,32
47.73,FLYING,SEARCH,0,,,,,LIKED,100,0,0,0,0,32
47.77,FLYING,SEARCH,0,,,,,LIKED,100,0,0,0,0,32
47.80,FLYING,SEARCH,0,,,,,LIKED,100,0,0,0,0,32
47.83,FLYING,SEARCH,0,,,,,LIKED,100,0,0,0,0,32
47.86,FLYING,SEARCH,0,,,,,LIKED,100,0,0,0,0,32
47.90,FLYING,SEARCH,0,,,,,LIKED,100,0,0,0,0,32
47.93,FLYING,SEARCH,0,,,,,LIKED,100,0,0,0,0,32
47.96,FLYING,SEARCH,0,,,,,LIKED,100,0,0,0,2,32
48.00,FLYING,SEARCH,0,,,,,LIKED,100,0,0,0,4,32
48.03,FLYING,SEARCH,0,,,,,LIKED,100,0,0,0,5,32
48.06,FLYING,SEARCH,0,,,,,LIKED,100,0,0,0,6,32
48.10,FLYING,SEARCH,0,,,,,LIKED,100,0,0,0,7,32
48.13,FLYING,SEARCH,0,,,,,LIKED,100,0,0,0,7,32
48.16,FLYING,SEARCH,0,,,,,LIKED,100,0,0,0,7,32
48.19,FLYING,SEARCH,0,,,,,LIKED,100,0,0,0,7,32
48.23,FLYING,SEARCH,0,,,,,LIKED,100,0,0,0,7,32
48.26,FLYING,SEARCH,0,,,,,LIKED,100,0,0,0,7,32
48.29,FLYING,SEARCH,0,,,,,LIKED,100,0,0,0,7,32
48.33,FLYING,SEARCH,0,,,,,LIKED,100,0,0,0,7,32
48.36,FLYING,SEARCH,0,,,,,LIKED,100,0,0,0,7,32
48.39,FLYING,SEARCH,0,,,,,LIKED,100,0,0,0,7,32
48.43,FLYING,SEARCH,0,,,,,LIKED,100,0,0,0,7,32
48.46,FLYING,SEARCH,0,,,,,LIKED,100,0,0,0,7,32
48.49,FLYING,SEARCH,0,,,,,LIKED,100,0,0,0,7,32
48.53,FLYING,SEARCH,0,,,,,LIKED,100,0,0,0,7,32
48.56,FLYING,SEARCH,0,,,,,LIKED,100,0,0,0,7,32
48.59,FLYING,SEARCH,0,,,,,LIKED,100,0,0,0,7,32
48.62,FLYING,SEARCH,0,,,,,LIKED,100,0,0,0,7,32
48.66,FLYING,SEARCH,0,,,,,LIKED,100,0,0,0,7,32
48.69,FLYING,SEARCH,0,,,,,LIKED,100,0,0,0,7,32
48.72,FLYING,SEARCH,0,,,,,LIKED,100,0,0,0,7,32
48.76,FLYING,SEARCH,0,,,,,LIKED,100,0,0,0,7,32
48.79,FLYING,SEARCH,0,,,,,LIKED,100,0,0,0,7,32
48.82,FLYING,SEARCH,0,,,,,LIKED,100,0,0,0,7,32
48.85,FLYING,SEARCH,0,,,,,LIKED,100,0,0,0,7,32
48.89,FLYING,SEARCH,0,,,,,LIKED,100,0,0,0,7,32
48.92,FLYING,SEARCH,0,,,,,LIKED,100,0,0,0,7,32
48.95,FLYING,SEARCH,0,,,,,LIKED,100,0,0,0,7,32
48.99,FLYING,SEARCH,0,,,,,LIKED,100,0,0,0,5,32
49.02,FLYING,SEARCH,0,,,,,LIKED,100,0,0,0,3,32
49.05,FLYING,SEARCH,0,,,,,LIKED,100,0,0,0,2,32
49.08,FLYING,SEARCH,0,,,,,LIKED,100,0,0,0,1,32
49.12,FLYING,SEARCH,0,,,,,LIKED,100,0,0,0,0,32
49.15,FLYING,SEARCH,0,,,,,LIKED,100,0,0,0,0,32
49.18,FLYING,SEARCH,0,,,,,LIKED,100,0,0,0,0,32
49.22,FLYING,SEARCH,0,,,,,LIKED,100,0,0,0,0,32
49.25,FLYING,SEARCH,0,,,,,LIKED,100,0,0,0,0,32
49.28,FLYING,SEARCH,0,,,,,LIKED,100,0,0,0,0,32
49.31,FLYING,SEARCH,0,,,,,LIKED,100,0,0,0,0,32
49.35,FLYING,SEARCH,0,,,,,LIKED,100,0,0,0,0,32
49.38,FLYING,SEARCH,0,,,,,LIKED,100,0,0,0,0,32
49.41,FLYING,SEARCH,0,,,,,LIKED,100,0,0,0,0,32
49.44,FLYING,SEARCH,0,,,,,LIKED,100,0,0,0,0,32
49.48,FLYING,SEARCH,0,,,,,LIKED,100,0,0,0,0,32
49.51,FLYING,SEARCH,0,,,,,LIKED,100,0,0,0,0,32
49.54,FLYING,SEARCH,0,,,,,LIKED,100,0,0,0,0,32
49.57,FLYING,SEARCH,0,,,,,LIKED,100,0,0,0,0,32
49.61,FLYING,SEARCH,0,,,,,LIKED,100,0,0,0,0,32
49.64,FLYING,SEARCH,0,,,,,LIKED,100,0,0,0,0,32
49.67,FLYING,SEARCH,0,,,,,LIKED,100,0,0,0,0,32
49.70,FLYING,SEARCH,0,,,,,LIKED,100,0,0,0,0,32
49.74,FLYING,SEARCH,0,,,,,LIKED,100,0,0,0,0,32
49.77,FLYING,SEARCH,0,,,,,LIKED,100,0,0,0,0,32
49.80,FLYING,SEARCH,0,,,,,LIKED,100,0,0,0,0,32
49.83,FLYING,SEARCH,0,,,,,LIKED,100,0,0,0,0,32
49.87,FLYING,SEARCH,0,,,,,LIKED,100,0,0,0,0,32
49.90,FLYING,SEARCH,0,,,,,LIKED,100,0,0,0,0,32
49.93,FLYING,SEARCH,0,,,,,LIKED,100,0,0,0,0,32
49.96,FLYING,SEARCH,0,,,,,LIKED,100,0,0,0,0,32
50.00,FLYING,SEARCH,0,,,,,LIKED,100,0,0,0,0,32
50.03,FLYING,SEARCH,0,,,,,LIKED,100,0,0,0,0,32
50.06,FLYING,SEARCH,0,,,,,LIKED,100,0,0,0,0,32
50.10,FLYING,SEARCH,0,,,,,LIKED,100,0,0,0,0,32
50.13,FLYING,SEARCH,0,,,,,LIKED,100,0,0,0,0,32
50.16,FLYING,SEARCH,0,,,,,LIKED,100,0,0,0,0,32
50.20,FLYING,SEARCH,0,,,,,,100,0,0,0,0,32
50.23,FLYING,SEARCH,0,,,,,,100,0,0,0,0,31
50.26,FLYING,SEARCH,0,,,,,,100,0,0,0,0,31
50.29,FLYING,SEARCH,0,,,,,,100,0,0,0,0,31
50.33,FLYING,SEARCH,0,,,,,,100,0,0,0,0,31
50.36,FLYING,SEARCH,0,,,,,,100,0,0,0,0,31
50.39,FLYING,SEARCH,0,,,,,,100,0,0,0,0,31
50.43,FLYING,SEARCH,0,,,,,,100,0,0,0,0,31
50.46,FLYING,SEARCH,0,,,,,,100,0,0,0,0,31
50.49,FLYING,SEARCH,0,,,,,,100,0,0,0,0,31
50.53,FLYING,SEARCH,0,,,,,,100,0,0,0,0,31
50.56,FLYING,SEARCH,0,,,,,,100,0,0,0,0,31
50.59,FLYING,SEARCH,0,,,,,,100,0,0,0,0,31
50.62,FLYING,SEARCH,0,,,,,,100,0,0,0,0,31
50.66,FLYING,SEARCH,0,,,,,,100,0,0,0,0,31
50.69,FLYING,SEARCH,0,,,,,,100,0,0,0,0,31
50.72,FLYING,SEARCH,0,,,,,,100,0,0,0,0,31
50.76,FLYING,SEARCH,0,,,,,,100,0,0,0,0,31
50.79,FLYING,SEARCH,0,,,,,,100,0,0,0,0,31
50.82,FLYING,SEARCH,0,,,,,,100,0,0,0,0,31
50.85,FLYING,SEARCH,0,,,,,,100,0,0,0,0,31
50.89,FLYING,SEARCH,0,,,,,,100,0,0,0,0,31
50.92,FLYING,SEARCH,0,,,,,,100,0,0,0,0,31
50.95,FLYING,SEARCH,0,,,,,,100,0,0,0,0,31
50.99,FLYING,SEARCH,0,,,,,,100,0,0,0,2,31
51.02,FLYING,SEARCH,0,,,,,,100,0,0,0,4,31
51.05,FLYING,SEARCH,0,,,,,,100,0,0,0,5,31
51.08,FLYING,SEARCH,0,,,,,,100,0,0,0,6,31
51.12,FLYING,SEARCH,0,,,,,,100,0,0,0,7,31
51.15,FLYING,SEARCH,0,,,,,,100,0,0,0,7,31
51.18,FLYING,SEARCH,0,,,,,,100,0,0,0,7,31
51.22,FLYING,SEARCH,0,,,,,,100,0,0,0,7,31
51.25,FLYING,SEARCH,0,,,,,,100,0,0,0,7,31
51.28,FLYING,SEARCH,0,,,,,,100,0,0,0,7,31
51.31,FLYING,SEARCH,0,,,,,,100,0,0,0,7,31
51.35,FLYING,SEARCH,0,,,,,,100,0,0,0,7,31
51.38,FLYING,SEARCH,0,,,,,,100,0,0,0,7,31
51.41,FLYING,SEARCH,0,,,,,,100,0,0,0,7,31
51.44,FLYING,SEARCH,0,,,,,,100,0,0,0,7,31
51.48,FLYING,SEARCH,0,,,,,,100,0,0,0,7,31
51.51,FLYING,SEARCH,0,,,,,,100,0,0,0,7,31
51.54,FLYING,SEARCH,0,,,,,,100,0,0,0,7,31
51.57,FLYING,SEARCH,0,,,,,,100,0,0,0,7,31
51.61,FLYING,SEARCH,0,,,,,,100,0,0,0,7,31
51.64,FLYING,SEARCH,0,,,,,,100,0,0,0,7,31
51.67,FLYING,SEARCH,0,,,,,,100,0,0,0,7,31
51.73,FLYING,CONFIRMING,1,rotten,0.23,0.99,0.6,,100,8,0,-7,5,31
51.80,FLYING,CONFIRMING,1,rotten,0.33,0.99,0.7,,100,14,0,-11,3,31
51.86,FLYING,CONFIRMING,1,rotten,0.37,0.89,0.8,,100,18,0,-14,2,31
51.92,FLYING,CONFIRMING,1,rotten,0.59,0.86,0.9,,100,20,0,-16,1,31
51.99,FLYING,DISLIKE_NO,1,rotten,0.26,1.00,0.9,DISLIKED,100,2,0,-10,0,31
52.02,FLYING,DISLIKE_NO,0,,,,,DISLIKED,100,-8,0,-6,0,31
52.08,FLYING,DISLIKE_NO,1,rotten,0.33,1.00,1.2,DISLIKED,100,-16,0,-4,0,31
52.12,FLYING,DISLIKE_NO,0,,,,,DISLIKED,100,-20,0,-2,0,31
52.18,FLYING,DISLIKE_NO,1,,,,,DISLIKED,100,-24,0,-1,0,31
52.21,FLYING,DISLIKE_NO,0,,,,,DISLIKED,100,-26,0,-1,0,31
52.25,FLYING,DISLIKE_NO,0,,,,,DISLIKED,100,-27,0,0,0,31
52.31,FLYING,DISLIKE_NO,1,,,,,DISLIKED,100,-28,0,0,0,31
52.37,FLYING,DISLIKE_NO,1,,,,,DISLIKED,100,-28,0,0,0,31
52.44,FLYING,DISLIKE_NO,1,rotten,0.72,1.00,1.7,DISLIKED,100,-29,0,0,0,31
52.47,FLYING,DISLIKE_NO,0,,,,,DISLIKED,100,-29,0,0,0,31
52.56,FLYING,DISLIKE_NO,2,rotten,0.37,0.99,3.3,DISLIKED,100,-8,0,0,0,31
52.63,FLYING,DISLIKE_NO,1,rotten,0.67,1.00,2.2,DISLIKED,100,4,0,0,0,31
52.69,FLYING,DISLIKE_NO,1,rotten,0.68,0.69,2.5,DISLIKED,100,13,0,0,0,31
52.75,FLYING,DISLIKE_NO,1,freshripe,0.70,0.58,2.7,DISLIKED,100,19,0,0,0,31
52.82,FLYING,DISLIKE_NO,1,rotten,0.53,0.59,2.9,DISLIKED,100,23,0,0,0,31
52.88,FLYING,DISLIKE_NO,1,freshripe,0.72,0.51,2.6,DISLIKED,100,25,0,0,0,31
52.94,FLYING,DISLIKE_NO,1,rotten,0.74,0.81,2.3,DISLIKED,100,27,0,0,0,31
53.01,FLYING,DISLIKE_NO,1,rotten,0.64,0.91,1.9,DISLIKED,100,7,0,0,0,31
53.07,FLYING,DISLIKE_NO,1,rotten,0.73,0.65,1.5,DISLIKED,100,-5,0,0,0,31
53.13,FLYING,DISLIKE_NO,1,freshripe,0.39,0.55,1.2,DISLIKED,100,-14,0,0,0,31
53.20,FLYING,DISLIKE_NO,1,,,,,DISLIKED,100,-19,0,0,0,31
53.23,FLYING,DISLIKE_NO,0,,,,,DISLIKED,100,-23,0,0,0,31
53.26,FLYING,DISLIKE_NO,0,,,,,DISLIKED,100,-25,0,0,0,31
53.30,FLYING,DISLIKE_NO,0,,,,,DISLIKED,100,-27,0,0,0,31
53.33,FLYING,DISLIKE_NO,0,,,,,DISLIKED,100,-28,0,0,0,31
53.36,FLYING,DISLIKE_NO,0,,,,,DISLIKED,100,-28,0,0,0,31
53.40,FLYING,DISLIKE_NO,0,,,,,DISLIKED,100,-29,0,0,0,31
53.43,FLYING,DISLIKE_NO,0,,,,,DISLIKED,100,-29,0,0,0,31
53.46,FLYING,DISLIKE_NO,0,,,,,DISLIKED,100,-29,0,0,0,31
53.50,FLYING,DISLIKE_NO,0,,,,,DISLIKED,100,-8,0,0,0,31
53.53,FLYING,DISLIKE_NO,0,,,,,DISLIKED,100,4,0,0,0,31
53.56,FLYING,DISLIKE_NO,0,,,,,DISLIKED,100,13,0,0,0,31
53.59,FLYING,DISLIKE_NO,0,,,,,DISLIKED,100,19,0,0,0,31
53.63,FLYING,DISLIKE_NO,0,,,,,DISLIKED,100,23,0,0,0,31
53.66,FLYING,DISLIKE_NO,0,,,,,DISLIKED,100,25,0,0,0,31
53.69,FLYING,DISLIKE_NO,0,,,,,DISLIKED,100,27,0,0,0,31
53.73,FLYING,DISLIKE_NO,0,,,,,DISLIKED,100,28,0,0,0,31
53.76,FLYING,DISLIKE_NO,0,,,,,DISLIKED,100,28,0,0,0,31
53.79,FLYING,DISLIKE_NO,0,,,,,DISLIKED,100,29,0,0,0,31
53.83,FLYING,DISLIKE_NO,0,,,,,DISLIKED,100,29,0,0,0,31
53.86,FLYING,DISLIKE_NO,0,,,,,DISLIKED,100,29,0,0,0,31
53.89,FLYING,DISLIKE_NO,0,,,,,DISLIKED,100,29,0,0,0,31
53.92,FLYING,DISLIKE_NO,0,,,,,DISLIKED,100,29,0,0,0,31
53.96,FLYING,DISLIKE_NO,0,,,,,DISLIKED,100,29,0,0,0,31
53.99,FLYING,MOVE_ON,0,,,,,DISLIKED,100,19,2,0,3,31
54.02,FLYING,MOVE_ON,0,,,,,DISLIKED,100,12,4,0,5,31
54.06,FLYING,MOVE_ON,0,,,,,DISLIKED,100,8,5,0,7,31
54.09,FLYING,MOVE_ON,0,,,,,DISLIKED,100,5,6,0,8,31
54.12,FLYING,MOVE_ON,0,,,,,DISLIKED,100,3,7,0,8,31
54.15,FLYING,MOVE_ON,0,,,,,DISLIKED,100,2,7,0,9,30
54.19,FLYING,MOVE_ON,0,,,,,DISLIKED,100,1,7,0,9,30
54.22,FLYING,MOVE_ON,0,,,,,DISLIKED,100,0,7,0,9,30
54.25,FLYING,MOVE_ON,0,,,,,DISLIKED,100,0,7,0,9,30
54.29,FLYING,MOVE_ON,0,,,,,DISLIKED,100,0,7,0,9,30
54.32,FLYING,MOVE_ON,0,,,,,DISLIKED,100,0,7,0,9,30
54.35,FLYING,MOVE_ON,0,,,,,DISLIKED,100,0,7,0,9,30
54.39,FLYING,MOVE_ON,0,,,,,DISLIKED,100,0,7,0,9,30
54.42,FLYING,MOVE_ON,0,,,,,DISLIKED,100,0,7,0,9,30
54.45,FLYING,MOVE_ON,0,,,,,DISLIKED,100,0,7,0,9,30
54.49,FLYING,MOVE_ON,0,,,,,DISLIKED,100,0,7,0,9,30
54.52,FLYING,MOVE_ON,0,,,,,DISLIKED,100,0,7,0,9,30
54.55,FLYING,MOVE_ON,0,,,,,DISLIKED,100,0,7,0,9,30
54.59,FLYING,MOVE_ON,0,,,,,DISLIKED,100,0,7,0,9,30
54.62,FLYING,MOVE_ON,0,,,,,DISLIKED,100,0,7,0,9,30
54.65,FLYING,MOVE_ON,0,,,,,DISLIKED,100,0,7,0,9,30
54.69,FLYING,MOVE_ON,0,,,,,DISLIKED,100,0,7,0,9,30
54.72,FLYING,MOVE_ON,0,,,,,DISLIKED,100,0,7,0,9,30
54.75,FLYING,MOVE_ON,0,,,,,DISLIKED,100,0,7,0,9,30
54.79,FLYING,MOVE_ON,0,,,,,DISLIKED,100,0,7,0,9,30
54.82,FLYING,MOVE_ON,0,,,,,DISLIKED,100,0,7,0,9,30
54.85,FLYING,MOVE_ON,0,,,,,DISLIKED,100,0,7,0,9,30
54.88,FLYING,MOVE_ON,0,,,,,DISLIKED,100,0,7,0,9,30
54.92,FLYING,MOVE_ON,0,,,,,DISLIKED,100,0,7,0,9,30
54.95,FLYING,MOVE_ON,0,,,,,DISLIKED,100,0,7,0,9,30
54.98,FLYING,MOVE_ON,0,,,,,DISLIKED,100,0,7,0,9,30
55.01,FLYING,MOVE_ON,0,,,,,DISLIKED,100,0,7,0,9,30
55.05,FLYING,MOVE_ON,0,,,,,DISLIKED,100,0,7,0,9,30
55.08,FLYING,MOVE_ON,0,,,,,DISLIKED,100,0,7,0,9,30
55.11,FLYING,MOVE_ON,0,,,,,DISLIKED,100,0,7,0,9,30
55.14,FLYING,MOVE_ON,0,,,,,DISLIKED,100,0,7,0,9,30
55.18,FLYING,MOVE_ON,0,,,,,DISLIKED,100,0,7,0,9,30
55.21,FLYING,MOVE_ON,0,,,,,DISLIKED,100,0,7,0,9,30
55.24,FLYING,MOVE_ON,0,,,,,DISLIKED,100,0,7,0,9,30
55.27,FLYING,MOVE_ON,0,,,,,DISLIKED,100,0,7,0,9,30
55.31,FLYING,MOVE_ON,0,,,,,DISLIKED,100,0,7,0,9,30
55.34,FLYING,MOVE_ON,0,,,,,DISLIKED,100,0,7,0,9,30
55.37,FLYING,MOVE_ON,0,,,,,DISLIKED,100,0,7,0,9,30
55.40,FLYING,MOVE_ON,0,,,,,DISLIKED,100,0,7,0,9,30
55.44,FLYING,MOVE_ON,0,,,,,DISLIKED,100,0,7,0,9,30
55.47,FLYING,MOVE_ON,0,,,,,DISLIKED,100,0,7,0,9,30
55.50,FLYING,SEARCH,0,,,,,DISLIKED,100,0,5,0,6,30
55.53,FLYING,SEARCH,0,,,,,DISLIKED,100,0,3,0,4,30
55.57,FLYING,SEARCH,0,,,,,DISLIKED,100,0,2,0,2,30
55.60,FLYING,SEARCH,0,,,,,DISLIKED,100,0,1,0,1,30
55.63,FLYING,SEARCH,0,,,,,DISLIKED,100,0,0,0,1,30
55.66,FLYING,SEARCH,0,,,,,DISLIKED,100,0,0,0,0,30
55.70,FLYING,SEARCH,0,,,,,DISLIKED,100,0,0,0,0,30
55.73,FLYING,SEARCH,0,,,,,DISLIKED,100,0,0,0,0,30
55.76,FLYING,SEARCH,0,,,,,DISLIKED,100,0,0,0,0,30
55.80,FLYING,SEARCH,0,,,,,DISLIKED,100,0,0,0,0,30
55.83,FLYING,SEARCH,0,,,,,DISLIKED,100,0,0,0,0,30
55.86,FLYING,SEARCH,0,,,,,DISLIKED,100,0,0,0,0,30
55.90,FLYING,SEARCH,0,,,,,DISLIKED,100,0,0,0,0,30
55.93,FLYING,SEARCH,0,,,,,DISLIKED,100,0,0,0,0,30
55.96,FLYING,SEARCH,0,,,,,DISLIKED,100,0,0,0,0,30
56.00,FLYING,SEARCH,0,,,,,DISLIKED,100,0,0,0,0,30
56.03,FLYING,SEARCH,0,,,,,DISLIKED,100,0,0,0,0,30
56.06,FLYING,SEARCH,0,,,,,DISLIKED,100,0,0,0,0,30
56.10,FLYING,SEARCH,0,,,,,DISLIKED,100,0,0,0,0,30
56.13,FLYING,SEARCH,0,,,,,DISLIKED,100,0,0,0,0,30
56.16,FLYING,SEARCH,0,,,,,,100,0,0,0,0,30
56.20,FLYING,SEARCH,0,,,,,,100,0,0,0,0,30
56.23,FLYING,SEARCH,0,,,,,,100,0,0,0,0,30
56.26,FLYING,SEARCH,0,,,,,,100,0,0,0,0,30
56.30,FLYING,SEARCH,0,,,,,,100,0,0,0,0,30
56.33,FLYING,SEARCH,0,,,,,,100,0,0,0,0,30
56.36,FLYING,SEARCH,0,,,,,,100,0,0,0,0,30
56.39,FLYING,SEARCH,0,,,,,,100,0,0,0,0,30
56.43,FLYING,SEARCH,0,,,,,,100,0,0,0,0,30
56.46,FLYING,SEARCH,0,,,,,,100,0,0,0,0,30
56.49,FLYING,SEARCH,0,,,,,,100,0,0,0,0,30
56.53,FLYING,SEARCH,0,,,,,,100,0,0,0,0,30
56.56,FLYING,SEARCH,0,,,,,,100,0,0,0,0,30
56.59,FLYING,SEARCH,0,,,,,,100,0,0,0,0,30
56.62,FLYING,SEARCH,0,,,,,,100,0,0,0,0,30
56.66,FLYING,SEARCH,0,,,,,,100,0,0,0,0,30
56.69,FLYING,SEARCH,0,,,,,,100,0,0,0,0,30
56.72,FLYING,SEARCH,0,,,,,,100,0,0,0,0,30
56.75,FLYING,SEARCH,0,,,,,,100,0,0,0,0,30
56.79,FLYING,SEARCH,0,,,,,,100,0,0,0,0,30
56.82,FLYING,SEARCH,0,,,,,,100,0,0,0,0,30
56.85,FLYING,SEARCH,0,,,,,,100,0,0,0,0,30
56.89,FLYING,SEARCH,0,,,,,,100,0,0,0,0,30
56.92,FLYING,SEARCH,0,,,,,,100,0,0,0,0,30
56.95,FLYING,SEARCH,0,,,,,,100,0,0,0,0,30
56.99,FLYING,SEARCH,0,,,,,,100,0,0,0,2,30
57.02,FLYING,SEARCH,0,,,,,,100,0,0,0,4,30
57.05,FLYING,SEARCH,0,,,,,,100,0,0,0,5,30
57.09,FLYING,SEARCH,0,,,,,,100,0,0,0,6,30
57.12,FLYING,SEARCH,0,,,,,,100,0,0,0,7,30
57.15,FLYING,SEARCH,0,,,,,,100,0,0,0,7,30
57.18,FLYING,SEARCH,0,,,,,,100,0,0,0,7,29
57.22,FLYING,SEARCH,0,,,,,,100,0,0,0,7,29
57.25,FLYING,SEARCH,0,,,,,,100,0,0,0,7,29
57.28,FLYING,SEARCH,0,,,,,,100,0,0,0,7,29
57.31,FLYING,SEARCH,0,,,,,,100,0,0,0,7,29
57.35,FLYING,SEARCH,0,,,,,,100,0,0,0,7,29
57.38,FLYING,SEARCH,0,,,,,,100,0,0,0,7,29
57.41,FLYING,SEARCH,0,,,,,,100,0,0,0,7,29
57.44,FLYING,SEARCH,0,,,,,,100,0,0,0,7,29
57.48,FLYING,SEARCH,0,,,,,,100,0,0,0,7,29
57.51,FLYING,SEARCH,0,,,,,,100,0,0,0,7,29
57.54,FLYING,SEARCH,0,,,,,,100,0,0,0,7,29
57.57,FLYING,SEARCH,0,,,,,,100,0,0,0,7,29
57.61,FLYING,SEARCH,0,,,,,,100,0,0,0,7,29
57.64,FLYING,SEARCH,0,,,,,,100,0,0,0,7,29
57.67,FLYING,SEARCH,0,,,,,,100,0,0,0,7,29
57.70,FLYING,SEARCH,0,,,,,,100,0,0,0,7,29
57.74,FLYING,SEARCH,0,,,,,,100,0,0,0,7,29
57.77,FLYING,SEARCH,0,,,,,,100,0,0,0,7,29
57.80,FLYING,SEARCH,0,,,,,,100,0,0,0,7,29
57.84,FLYING,SEARCH,0,,,,,,100,0,0,0,7,29
57.87,FLYING,SEARCH,0,,,,,,100,0,0,0,7,29
57.90,FLYING,SEARCH,0,,,,,,100,0,0,0,7,29
57.93,FLYING,SEARCH,0,,,,,,100,0,0,0,7,29
57.97,FLYING,SEARCH,0,,,,,,100,0,0,0,5,29
58.00,FLYING,SEARCH,0,,,,,,100,0,0,0,3,29
58.03,FLYING,SEARCH,0,,,,,,100,0,0,0,2,29
58.06,FLYING,SEARCH,0,,,,,,100,0,0,0,1,29
58.10,FLYING,SEARCH,0,,,,,,100,0,0,0,0,29
58.13,FLYING,SEARCH,0,,,,,,100,0,0,0,0,29
58.16,FLYING,SEARCH,0,,,,,,100,0,0,0,0,29
58.20,FLYING,SEARCH,0,,,,,,100,0,0,0,0,29
58.23,FLYING,SEARCH,0,,,,,,100,0,0,0,0,29
58.26,FLYING,SEARCH,0,,,,,,100,0,0,0,0,29
58.29,FLYING,SEARCH,0,,,,,,100,0,0,0,0,29
58.33,FLYING,SEARCH,0,,,,,,100,0,0,0,0,29
58.36,FLYING,SEARCH,0,,,,,,100,0,0,0,0,29
58.40,FLYING,SEARCH,0,,,,,,100,0,0,0,0,29
58.43,FLYING,SEARCH,0,,,,,,100,0,0,0,0,29
58.46,FLYING,SEARCH,0,,,,,,100,0,0,0,0,29
58.50,FLYING,SEARCH,0,,,,,,100,0,0,0,0,29
58.53,FLYING,SEARCH,0,,,,,,100,0,0,0,0,29
58.56,FLYING,SEARCH,0,,,,,,100,0,0,0,0,29
58.59,FLYING,SEARCH,0,,,,,,100,0,0,0,0,29
58.63,FLYING,SEARCH,0,,,,,,100,0,0,0,0,29
58.66,FLYING,SEARCH,0,,,,,,100,0,0,0,0,29
58.69,FLYING,SEARCH,0,,,,,,100,0,0,0,0,29
58.73,FLYING,SEARCH,0,,,,,,100,0,0,0,0,29
58.76,FLYING,SEARCH,0,,,,,,100,0,0,0,0,29
58.79,FLYING,SEARCH,0,,,,,,100,0,0,0,0,29
58.82,FLYING,SEARCH,0,,,,,,100,0,0,0,0,29
58.86,FLYING,SEARCH,0,,,,,,100,0,0,0,0,29
58.89,FLYING,SEARCH,0,,,,,,100,0,0,0,0,29
58.92,FLYING,SEARCH,0,,,,,,100,0,0,0,0,29
58.95,FLYING,SEARCH,0,,,,,,100,0,0,0,0,29
58.99,FLYING,SEARCH,0,,,,,,100,0,0,0,0,29
59.02,FLYING,SEARCH,0,,,,,,100,0,0,0,0,29
59.05,FLYING,SEARCH,0,,,,,,100,0,0,0,0,29
59.09,FLYING,SEARCH,0,,,,,,100,0,0,0,0,29
59.12,FLYING,SEARCH,0,,,,,,100,0,0,0,0,29
59.15,FLYING,SEARCH,0,,,,,,100,0,0,0,0,29
59.18,FLYING,SEARCH,0,,,,,,100,0,0,0,0,29
59.22,FLYING,SEARCH,0,,,,,,100,0,0,0,0,28
59.25,FLYING,SEARCH,0,,,,,,100,0,0,0,0,28
59.28,FLYING,SEARCH,0,,,,,,100,0,0,0,0,28
59.32,FLYING,SEARCH,0,,,,,,100,0,0,0,0,28
59.35,FLYING,SEARCH,0,,,,,,100,0,0,0,0,28
59.38,FLYING,SEARCH,0,,,,,,100,0,0,0,0,28
59.41,FLYING,SEARCH,0,,,,,,100,0,0,0,0,28
59.45,FLYING,SEARCH,0,,,,,,100,0,0,0,0,28
59.48,FLYING,SEARCH,0,,,,,,100,0,0,0,0,28
59.51,FLYING,SEARCH,0,,,,,,100,0,0,0,0,28
59.54,FLYING,SEARCH,0,,,,,,100,0,0,0,0,28
59.58,FLYING,SEARCH,0,,,,,,100,0,0,0,0,28
59.61,FLYING,SEARCH,0,,,,,,100,0,0,0,0,28
59.64,FLYING,SEARCH,0,,,,,,100,0,0,0,0,28
59.67,FLYING,SEARCH,0,,,,,,100,0,0,0,0,28
59.71,FLYING,SEARCH,0,,,,,,100,0,0,0,0,28
59.74,FLYING,SEARCH,0,,,,,,100,0,0,0,0,28
59.77,FLYING,SEARCH,0,,,,,,100,0,0,0,0,28
59.80,FLYING,SEARCH,0,,,,,,100,0,0,0,0,28
59.84,FLYING,SEARCH,0,,,,,,100,0,0,0,0,28
59.87,FLYING,SEARCH,0,,,,,,100,0,0,0,0,28
59.90,FLYING,SEARCH,0,,,,,,100,0,0,0,0,28
59.94,FLYING,SEARCH,0,,,,,,100,0,0,0,0,28
59.97,FLYING,SEARCH,0,,,,,,100,0,0,0,2,28
60.00,FLYING,SEARCH,0,,,,,,100,0,0,0,4,28
60.03,FLYING,SEARCH,0,,,,,,100,0,0,0,5,28
60.07,FLYING,SEARCH,0,,,,,,100,0,0,0,6,28
60.10,FLYING,SEARCH,0,,,,,,100,0,0,0,7,28
60.13,FLYING,SEARCH,0,,,,,,100,0,0,0,7,28
60.16,FLYING,SEARCH,0,,,,,,100,0,0,0,7,28
60.20,FLYING,SEARCH,0,,,,,,100,0,0,0,7,28
60.23,FLYING,SEARCH,0,,,,,,100,0,0,0,7,28
60.26,FLYING,SEARCH,0,,,,,,100,0,0,0,7,28
60.29,FLYING,SEARCH,0,,,,,,100,0,0,0,7,28
60.33,FLYING,SEARCH,0,,,,,,100,0,0,0,7,28
60.36,FLYING,SEARCH,0,,,,,,100,0,0,0,7,28
60.39,FLYING,SEARCH,0,,,,,,100,0,0,0,7,28
60.43,FLYING,SEARCH,0,,,,,,100,0,0,0,7,28
60.46,FLYING,SEARCH,0,,,,,,100,0,0,0,7,28
60.49,FLYING,SEARCH,0,,,,,,100,0,0,0,7,28
60.52,FLYING,SEARCH,0,,,,,,100,0,0,0,7,28
60.56,FLYING,SEARCH,0,,,,,,100,0,0,0,7,28
60.59,FLYING,SEARCH,0,,,,,,100,0,0,0,7,28
60.62,FLYING,SEARCH,0,,,,,,100,0,0,0,7,28
60.66,FLYING,SEARCH,0,,,,,,100,0,0,0,7,28
60.69,FLYING,SEARCH,0,,,,,,100,0,0,0,7,28
60.72,FLYING,SEARCH,0,,,,,,100,0,0,0,7,28
60.75,FLYING,SEARCH,0,,,,,,100,0,0,0,7,28
60.79,FLYING,SEARCH,0,,,,,,100,0,0,0,7,28
60.82,FLYING,SEARCH,0,,,,,,100,0,0,0,7,28
60.85,FLYING,SEARCH,0,,,,,,100,0,0,0,7,28
60.88,FLYING,SEARCH,0,,,,,,100,0,0,0,7,28
60.92,FLYING,SEARCH,0,,,,,,100,0,0,0,7,28
60.95,FLYING,SEARCH,0,,,,,,100,0,0,0,7,28
60.98,FLYING,SEARCH,0,,,,,,100,0,0,0,5,28
61.02,FLYING,SEARCH,0,,,,,,100,0,0,0,3,28
61.05,FLYING,SEARCH,0,,,,,,100,0,0,0,2,28
61.08,FLYING,SEARCH,0,,,,,,100,0,0,0,1,28
61.11,FLYING,SEARCH,0,,,,,,100,0,0,0,0,28
61.15,FLYING,SEARCH,0,,,,,,100,0,0,0,0,28
61.18,FLYING,SEARCH,0,,,,,,100,0,0,0,0,28
61.21,FLYING,SEARCH,0,,,,,,100,0,0,0,0,28
61.24,FLYING,SEARCH,0,,,,,,100,0,0,0,0,28
61.28,FLYING,SEARCH,0,,,,,,100,0,0,0,0,28
61.31,FLYING,SEARCH,0,,,,,,100,0,0,0,0,28
61.34,FLYING,SEARCH,0,,,,,,100,0,0,0,0,28
61.38,FLYING,SEARCH,0,,,,,,100,0,0,0,0,28
61.41,FLYING,SEARCH,0,,,,,,100,0,0,0,0,28
61.44,FLYING,SEARCH,0,,,,,,100,0,0,0,0,28
61.47,FLYING,SEARCH,0,,,,,,100,0,0,0,0,28
61.50,FLYING,SEARCH,0,,,,,,100,0,0,0,0,28
61.54,FLYING,SEARCH,0,,,,,,100,0,0,0,0,28
61.57,FLYING,SEARCH,0,,,,,,100,0,0,0,0,28
61.60,FLYING,SEARCH,0,,,,,,100,0,0,0,0,28
61.63,FLYING,SEARCH,0,,,,,,100,0,0,0,0,28
61.67,FLYING,SEARCH,0,,,,,,100,0,0,0,0,28
61.70,FLYING,SEARCH,0,,,,,,100,0,0,0,0,28
61.73,FLYING,SEARCH,0,,,,,,100,0,0,0,0,28
61.76,FLYING,SEARCH,0,,,,,,100,0,0,0,0,28
61.80,FLYING,SEARCH,0,,,,,,100,0,0,0,0,28
61.83,FLYING,SEARCH,0,,,,,,100,0,0,0,0,28
61.86,FLYING,SEARCH,0,,,,,,100,0,0,0,0,28
61.90,FLYING,SEARCH,0,,,,,,100,0,0,0,0,28
61.93,FLYING,SEARCH,0,,,,,,100,0,0,0,0,28
61.96,FLYING,SEARCH,0,,,,,,100,0,0,0,0,28
61.99,FLYING,SEARCH,0,,,,,,100,0,0,0,0,28
62.03,FLYING,SEARCH,0,,,,,,100,0,0,0,0,28
62.06,FLYING,SEARCH,0,,,,,,100,0,0,0,0,28
62.09,FLYING,SEARCH,0,,,,,,100,0,0,0,0,28
62.13,FLYING,SEARCH,0,,,,,,100,0,0,0,0,28
62.16,FLYING,SEARCH,0,,,,,,100,0,0,0,0,28
62.19,FLYING,SEARCH,0,,,,,,100,0,0,0,0,28
62.22,FLYING,SEARCH,0,,,,,,100,0,0,0,0,28
62.26,FLYING,SEARCH,0,,,,,,100,0,0,0,0,28
62.29,FLYING,SEARCH,0,,,,,,100,0,0,0,0,28
62.32,FLYING,SEARCH,0,,,,,,100,0,0,0,0,28
62.36,FLYING,SEARCH,0,,,,,,100,0,0,0,0,28
62.39,FLYING,SEARCH,0,,,,,,100,0,0,0,0,28
62.42,FLYING,SEARCH,0,,,,,,100,0,0,0,0,28
62.45,FLYING,SEARCH,0,,,,,,100,0,0,0,0,28
62.49,FLYING,SEARCH,0,,,,,,100,0,0,0,0,28
62.52,FLYING,SEARCH,0,,,,,,100,0,0,0,0,28
62.55,FLYING,SEARCH,0,,,,,,100,0,0,0,0,28
62.58,FLYING,SEARCH,0,,,,,,100,0,0,0,0,28
62.62,FLYING,SEARCH,0,,,,,,100,0,0,0,0,28
62.65,FLYING,SEARCH,0,,,,,,100,0,0,0,0,28
62.68,FLYING,SEARCH,0,,,,,,100,0,0,0,0,28
62.71,FLYING,SEARCH,0,,,,,,100,0,0,0,0,28
62.75,FLYING,SEARCH,0,,,,,,100,0,0,0,0,28
62.78,FLYING,SEARCH,0,,,,,,100,0,0,0,0,28
62.81,FLYING,SEARCH,0,,,,,,100,0,0,0,0,28
62.84,FLYING,SEARCH,0,,,,,,100,0,0,0,0,28
62.88,FLYING,SEARCH,0,,,,,,100,0,0,0,0,28
62.91,FLYING,SEARCH,0,,,,,,100,0,0,0,0,28
62.94,FLYING,SEARCH,0,,,,,,100,0,0,0,0,28
62.97,FLYING,SEARCH,0,,,,,,100,0,0,0,2,28
63.04,FLYING,SEARCH,1,,,,,,100,0,0,0,4,28
63.07,FLYING,SEARCH,0,,,,,,100,0,0,0,5,28
63.13,FLYING,SEARCH,1,,,,,,100,0,0,0,6,28
63.20,FLYING,CONFIRMING,1,freshripe,0.37,0.86,1.1,,100,8,0,-7,4,28
63.26,FLYING,CONFIRMING,1,freshripe,0.45,0.87,1.3,,100,14,0,-11,2,27
63.32,FLYING,CONFIRMING,1,,,,,,100,9,0,-7,1,27
63.39,FLYING,CONFIRMING,1,freshripe,0.28,0.77,1.4,,100,14,0,-11,1,27
63.45,FLYING,CONFIRMING,1,rotten,0.51,0.51,1.4,,100,18,0,-14,0,27
63.52,FLYING,LIKE_YES,1,freshripe,0.30,0.86,1.5,LIKED,100,20,0,2,0,27
63.55,FLYING,LIKE_YES,0,,,,,LIKED,100,13,0,13,0,27
63.61,FLYING,LIKE_YES,1,freshripe,0.50,0.64,1.4,LIKED,100,17,0,21,0,27
63.68,FLYING,LIKE_YES,1,rotten,0.26,0.57,1.5,LIKED,100,20,0,26,0,27
63.74,FLYING,LIKE_YES,1,,,,,LIKED,100,13,0,29,0,27
63.80,FLYING,LIKE_YES,1,freshripe,0.62,0.60,1.5,LIKED,100,17,0,31,0,27
63.87,FLYING,LIKE_YES,1,rotten,0.59,0.71,1.5,LIKED,100,19,0,32,0,27
63.93,FLYING,LIKE_YES,1,rotten,0.61,0.80,1.5,LIKED,100,21,0,33,0,27
63.99,FLYING,LIKE_YES,1,freshripe,0.56,0.61,1.6,LIKED,100,22,0,33,0,27
64.06,FLYING,LIKE_YES,1,rotten,0.69,0.72,1.6,LIKED,100,23,0,9,0,27
64.12,FLYING,LIKE_YES,1,freshripe,0.51,0.68,1.9,LIKED,100,24,0,-5,0,27
64.18,FLYING,LIKE_YES,1,rotten,0.65,0.85,1.9,LIKED,100,24,0,-16,0,27
64.25,FLYING,LIKE_YES,1,rotten,0.67,0.59,2.3,LIKED,100,24,0,-22,0,27
64.31,FLYING,LIKE_YES,1,rotten,0.53,0.95,2.3,LIKED,100,24,0,-26,0,27
64.37,FLYING,LIKE_YES,1,rotten,0.64,0.69,2.3,LIKED,100,24,0,-29,0,27
64.44,FLYING,LIKE_YES,1,rotten,0.62,0.84,2.3,LIKED,100,24,0,-31,0,27
64.50,FLYING,LIKE_YES,1,rotten,0.53,0.92,2.3,LIKED,100,24,0,-32,0,27
64.56,FLYING,LIKE_YES,1,rotten,0.65,0.94,2.3,LIKED,100,24,0,-9,0,27
64.63,FLYING,LIKE_YES,1,rotten,0.29,0.99,2.5,LIKED,100,24,0,6,0,27
64.69,FLYING,LIKE_YES,1,rotten,0.51,1.00,2.6,LIKED,100,24,0,16,0,27
64.75,FLYING,LIKE_YES,1,rotten,0.41,0.95,2.9,LIKED,100,24,0,22,0,27
64.82,FLYING,LIKE_YES,1,rotten,0.52,1.00,3.4,LIKED,100,24,0,27,0,27
64.88,FLYING,LIKE_YES,1,rotten,0.54,0.99,3.7,LIKED,100,24,0,29,0,27
64.94,FLYING,LIKE_YES,1,rotten,0.54,0.90,4.0,LIKED,100,24,0,31,0,27
65.01,FLYING,LIKE_YES,1,rotten,0.71,0.97,4.1,LIKED,100,24,0,32,0,27
65.07,FLYING,LIKE_YES,1,rotten,0.65,0.93,4.1,LIKED,100,24,0,9,0,27
65.13,FLYING,LIKE_YES,1,rotten,0.63,0.73,3.9,LIKED,100,24,0,-6,0,27
65.20,FLYING,LIKE_YES,1,rotten,0.57,0.87,3.8,LIKED,100,24,0,-16,0,27
65.26,FLYING,LIKE_YES,1,rotten,0.56,0.93,3.3,LIKED,100,24,0,-22,0,27
65.32,FLYING,LIKE_YES,1,rotten,0.26,0.89,2.6,LIKED,100,23,0,-27,0,27
65.39,FLYING,LIKE_YES,1,rotten,0.34,0.98,2.0,LIKED,100,21,0,-29,0,27
65.45,FLYING,LIKE_YES,1,rotten,0.57,0.90,1.5,LIKED,100,19,0,-31,0,27
65.51,FLYING,LIKE_YES,1,rotten,0.52,0.85,1.3,LIKED,100,16,0,-32,0,27
65.58,FLYING,APPROACH,1,rotten,0.41,1.00,1.2,LIKED,100,10,0,-21,0,27
65.64,FLYING,APPROACH,1,rotten,0.45,0.99,1.1,LIKED,100,9,4,-20,1,27
65.70,FLYING,APPROACH,1,rotten,0.69,0.80,1.2,LIKED,100,8,6,-20,1,27
65.77,FLYING,APPROACH,1,rotten,0.64,0.67,1.2,LIKED,100,6,8,-20,2,27
65.83,FLYING,APPROACH,1,,,,,LIKED,100,4,5,-13,1,27
65.89,FLYING,APPROACH,1,rotten,0.44,0.82,1.5,LIKED,100,2,7,-15,0,27
65.96,FLYING,APPROACH,1,freshripe,0.40,0.78,1.9,LIKED,100,1,8,-17,0,27
66.02,FLYING,APPROACH,1,freshripe,0.59,0.75,2.1,LIKED,100,1,8,-18,0,27
66.08,FLYING,APPROACH,1,rotten,0.51,0.66,2.5,LIKED,100,0,9,-18,0,27
66.15,FLYING,APPROACH,1,rotten,0.26,0.71,2.7,LIKED,100,0,9,-19,0,27
66.21,FLYING,APPROACH,1,rotten,0.40,0.61,4.0,LIKED,100,0,9,-19,0,27
66.27,FLYING,APPROACH,1,rotten,0.63,0.51,4.0,LIKED,100,0,9,-19,0,27
66.33,FLYING,APPROACH,1,rotten,0.66,0.97,3.9,LIKED,100,-1,9,-19,0,27
66.40,FLYING,APPROACH,1,rotten,0.59,0.96,4.0,LIKED,100,-2,9,-19,-1,27
66.46,FLYING,APPROACH,1,rotten,0.72,0.95,4.1,LIKED,100,-3,9,-19,-2,27
66.52,FLYING,APPROACH,1,rotten,0.46,0.99,4.0,LIKED,100,-4,9,-19,-2,27
66.59,FLYING,APPROACH,1,rotten,0.77,0.94,3.8,LIKED,100,-5,9,-19,-3,27
66.65,FLYING,APPROACH,1,rotten,0.81,1.00,3.8,LIKED,100,-6,9,-19,-3,27
66.71,FLYING,APPROACH,1,rotten,0.78,0.93,3.9,LIKED,100,-7,9,-19,-4,27
66.78,FLYING,APPROACH,1,rotten,0.77,0.72,3.8,LIKED,100,-8,9,-19,-4,27
66.84,FLYING,APPROACH,1,rotten,0.81,0.73,3.8,LIKED,100,-8,9,-19,-5,27
66.91,FLYING,APPROACH,1,rotten,0.84,0.95,4.0,LIKED,100,-9,9,-19,-5,27
66.97,FLYING,APPROACH,1,rotten,0.77,1.00,4.1,LIKED,100,-10,9,-19,-6,27
67.03,FLYING,APPROACH,1,rotten,0.84,0.96,4.1,LIKED,100,-10,9,-19,-6,27
67.09,FLYING,APPROACH,1,rotten,0.70,0.96,4.2,LIKED,100,-11,9,-19,-6,27
67.16,FLYING,APPROACH,1,rotten,0.67,0.92,4.1,LIKED,100,-11,9,-19,-6,27
67.22,FLYING,APPROACH,1,rotten,0.78,0.92,4.0,LIKED,100,-12,9,-19,-7,27
67.28,FLYING,APPROACH,1,freshripe,0.81,0.67,4.1,LIKED,100,-12,9,-19,-7,26
67.35,FLYING,APPROACH,1,freshripe,0.76,0.62,4.1,LIKED,100,-12,9,-19,-7,26
67.41,FLYING,APPROACH,1,rotten,0.57,0.59,4.2,LIKED,100,-12,9,-19,-7,26
67.48,FLYING,APPROACH,1,rotten,0.75,0.59,4.1,LIKED,100,-12,9,-19,-7,26
67.54,FLYING,APPROACH,1,rotten,0.60,0.97,4.1,LIKED,100,-12,9,-19,-7,26
67.60,FLYING,APPROACH,1,rotten,0.70,0.95,4.2,LIKED,100,-12,9,-19,-7,26
67.66,FLYING,APPROACH,1,freshripe,0.70,0.57,4.3,LIKED,100,-12,9,-19,-7,26
67.73,FLYING,APPROACH,1,rotten,0.76,0.59,4.3,LIKED,100,-12,9,-19,-7,26
67.79,FLYING,APPROACH,1,rotten,0.76,0.54,4.2,LIKED,100,-12,9,-19,-7,26
67.85,FLYING,APPROACH,1,rotten,0.64,0.87,4.2,LIKED,100,-12,9,-19,-7,26
67.92,FLYING,APPROACH,1,rotten,0.76,0.71,4.3,LIKED,100,-12,9,-19,-7,26
67.98,FLYING,APPROACH,1,rotten,0.84,0.91,4.2,LIKED,100,-12,9,-19,-7,26
68.04,FLYING,APPROACH,1,rotten,0.71,0.85,4.3,LIKED,100,-12,9,-18,-6,26
68.11,FLYING,APPROACH,1,rotten,0.84,0.79,4.3,LIKED,100,-11,9,-18,-6,26
68.17,FLYING,APPROACH,1,freshripe,0.21,0.62,4.4,LIKED,100,-10,9,-18,-6,26
68.23,FLYING,APPROACH,1,rotten,0.45,0.71,4.4,LIKED,100,-9,9,-18,-5,26
68.30,FLYING,APPROACH,1,freshripe,0.82,0.78,4.4,LIKED,100,-8,9,-17,-4,26
68.36,FLYING,APPROACH,1,rotten,0.84,0.74,4.5,LIKED,100,-7,9,-17,-4,26
68.43,FLYING,APPROACH,1,rotten,0.88,0.60,4.5,LIKED,100,-6,9,-17,-3,26
68.49,FLYING,APPROACH,1,rotten,0.78,0.78,4.4,LIKED,100,-5,9,-17,-3,26
68.55,FLYING,APPROACH,1,freshripe,0.88,0.79,4.6,LIKED,100,-3,9,-16,-2,26
68.62,FLYING,APPROACH,1,rotten,0.65,0.99,4.5,LIKED,100,-2,9,-16,-1,26
68.68,FLYING,APPROACH,1,rotten,0.80,0.89,4.8,LIKED,100,-1,9,-16,0,26
68.74,FLYING,APPROACH,1,freshripe,0.66,0.68,4.6,LIKED,100,-1,9,-15,0,26
68.81,FLYING,APPROACH,1,rotten,0.78,0.90,4.7,LIKED,100,0,9,-15,0,26
68.87,FLYING,APPROACH,1,freshripe,0.83,0.58,4.7,LIKED,100,0,9,-15,0,26
68.93,FLYING,APPROACH,1,freshripe,0.81,0.94,4.9,LIKED,100,1,9,-14,0,26
69.00,FLYING,APPROACH,1,freshripe,0.63,0.75,4.9,LIKED,100,2,9,-14,1,26
69.06,FLYING,APPROACH,1,rotten,0.86,0.57,4.8,LIKED,100,3,9,-13,1,26
69.12,FLYING,APPROACH,1,freshripe,0.80,0.85,5.0,LIKED,100,4,9,-13,2,26
69.19,FLYING,APPROACH,1,freshripe,0.73,0.59,4.9,LIKED,100,5,9,-12,3,25
69.25,FLYING,APPROACH,1,freshripe,0.71,0.64,5.0,LIKED,100,6,9,-12,3,25
69.31,FLYING,APPROACH,1,freshripe,0.81,0.97,5.1,LIKED,100,7,9,-11,4,25
69.38,FLYING,APPROACH,1,freshripe,0.69,0.92,5.1,LIKED,100,7,9,-11,4,25
69.44,FLYING,APPROACH,1,freshripe,0.70,0.59,5.2,LIKED,100,8,9,-10,5,25
69.50,FLYING,APPROACH,1,freshripe,0.66,0.85,4.9,LIKED,100,9,9,-10,5,25
69.57,FLYING,APPROACH,1,rotten,0.57,0.94,5.2,LIKED,100,10,9,-9,5,25
69.63,FLYING,APPROACH,1,rotten,0.73,0.95,5.1,LIKED,100,10,9,-8,6,25
69.69,FLYING,APPROACH,1,freshripe,0.62,0.91,5.2,LIKED,100,11,9,-8,6,25
69.76,FLYING,APPROACH,1,rotten,0.58,0.73,5.1,LIKED,100,12,9,-8,7,25
69.82,FLYING,APPROACH,1,rotten,0.81,0.53,5.2,LIKED,100,13,9,-7,7,25
69.88,FLYING,APPROACH,1,rotten,0.78,0.95,5.2,LIKED,100,14,9,-7,8,25
69.95,FLYING,APPROACH,1,freshripe,0.79,0.86,5.4,LIKED,100,15,9,-6,9,25
70.01,FLYING,APPROACH,1,freshripe,0.82,0.92,5.4,LIKED,100,16,9,-6,9,25
70.07,FLYING,APPROACH,1,freshripe,0.58,0.92,5.6,LIKED,100,18,9,-6,10,25
70.14,FLYING,APPROACH,1,rotten,0.58,0.80,5.5,LIKED,100,19,9,-5,11,25
70.20,FLYING,APPROACH,1,rotten,0.86,0.92,5.6,LIKED,100,20,9,-5,11,25
70.26,FLYING,APPROACH,1,freshripe,0.81,0.51,5.7,LIKED,100,20,9,-5,12,25
70.33,FLYING,APPROACH,1,freshripe,0.68,0.49,5.6,LIKED,100,21,9,-5,12,25
70.39,FLYING,APPROACH,1,rotten,0.80,0.84,5.5,LIKED,100,21,9,-4,12,25
70.45,FLYING,APPROACH,1,rotten,0.63,0.76,5.8,LIKED,100,22,9,-4,13,25
70.52,FLYING,APPROACH,1,rotten,0.83,0.54,5.6,LIKED,100,23,9,-3,13,25
70.58,FLYING,APPROACH,1,rotten,0.55,0.78,5.8,LIKED,100,23,9,-2,13,25
70.64,FLYING,APPROACH,1,rotten,0.53,0.62,5.8,LIKED,100,23,9,-1,13,25
70.71,FLYING,APPROACH,1,freshripe,0.72,0.96,5.6,LIKED,100,23,9,-1,13,25
70.77,FLYING,APPROACH,1,freshripe,0.51,0.82,5.7,LIKED,100,23,9,0,13,25
70.83,FLYING,APPROACH,1,freshripe,0.55,0.56,5.7,LIKED,100,22,9,0,13,25
70.89,FLYING,APPROACH,1,freshripe,0.54,0.64,5.6,LIKED,100,22,9,0,13,25
70.96,FLYING,APPROACH,1,freshripe,0.48,0.74,5.5,LIKED,100,21,9,0,12,25
71.02,FLYING,APPROACH,1,freshripe,0.51,0.81,5.6,LIKED,100,20,10,0,12,25
71.08,FLYING,APPROACH,1,freshripe,0.42,0.58,5.4,LIKED,100,19,10,0,11,25
71.15,FLYING,APPROACH,1,freshripe,0.58,0.98,5.5,LIKED,100,18,10,0,10,25
71.21,FLYING,APPROACH,1,freshripe,0.55,0.75,5.6,LIKED,100,17,10,0,10,24
71.27,FLYING,APPROACH,1,freshripe,0.34,0.76,5.6,LIKED,100,15,10,0,9,24
71.34,FLYING,APPROACH,1,rotten,0.65,0.71,5.5,LIKED,100,13,10,0,8,24
71.40,FLYING,APPROACH,1,freshripe,0.71,0.58,5.6,LIKED,100,11,10,0,6,24
71.46,FLYING,APPROACH,1,rotten,0.70,0.74,5.6,LIKED,100,9,10,0,5,24
71.53,FLYING,FEED,1,freshripe,0.67,0.82,6.0,LIKED,100,6,6,0,3,24
71.59,FLYING,FEED,1,rotten,0.35,0.95,5.9,LIKED,100,4,4,0,2,24
71.65,FLYING,FEED,1,rotten,0.66,0.76,6.0,LIKED,99,2,2,0,1,24
71.72,FLYING,FEED,1,rotten,0.47,0.95,6.2,LIKED,99,1,1,-1,1,24
71.78,FLYING,FEED,1,rotten,0.81,0.79,6.3,LIKED,99,0,1,-1,0,24
71.87,FLYING,FEED,2,rotten,0.64,0.86,6.6,LIKED,98,-2,0,-2,-1,24
71.94,FLYING,FEED,1,freshripe,0.78,0.61,6.9,LIKED,98,-5,0,-3,-3,24
72.00,FLYING,FEED,1,rotten,0.41,0.88,7.2,LIKED,98,-8,0,-4,-4,24
72.06,FLYING,FEED,1,rotten,0.64,0.73,7.3,LIKED,97,-10,0,-4,-5,24
72.16,FLYING,FEED,2,rotten,0.72,0.79,7.6,LIKED,97,-12,0,-5,-7,24
72.22,FLYING,FEED,1,rotten,0.67,0.65,7.8,LIKED,97,-14,-1,-6,-8,24
72.28,FLYING,FEED,1,freshripe,0.85,0.62,8.1,LIKED,96,-17,-3,-7,-10,24
72.35,FLYING,FEED,1,rotten,0.79,0.95,8.6,LIKED,96,-19,-4,-7,-11,24
72.41,FLYING,FEED,1,rotten,0.86,0.97,8.8,LIKED,96,-21,-5,-8,-12,24
72.50,FLYING,FEED,2,rotten,0.85,0.94,9.4,LIKED,95,-22,-6,-8,-13,24
72.57,FLYING,FEED,1,rotten,0.80,0.97,9.7,LIKED,95,-23,-6,-9,-14,24
72.66,FLYING,FEED,2,rotten,0.78,0.98,9.7,LIKED,94,-23,-7,-9,-14,24
72.72,FLYING,FEED,1,rotten,0.80,0.96,10.1,LIKED,94,-24,-7,-10,-14,24
72.79,FLYING,FEED,1,rotten,0.85,0.92,10.5,LIKED,94,-24,-7,-10,-14,24
72.85,FLYING,FEED,1,rotten,0.82,0.95,10.5,LIKED,93,-24,-7,-10,-14,24
72.91,FLYING,FEED,1,rotten,0.83,1.00,10.7,LIKED,93,-24,-7,-10,-14,24
72.98,FLYING,FEED,1,rotten,0.87,0.95,10.7,LIKED,93,-24,-7,-10,-14,24
73.04,FLYING,FEED,1,rotten,0.80,0.98,10.7,LIKED,92,-24,-7,-10,-14,24
73.10,FLYING,FEED,1,rotten,0.88,0.94,11.1,LIKED,92,-23,-7,-10,-14,24
73.17,FLYING,FEED,1,rotten,0.86,0.94,11.2,LIKED,92,-21,-7,-10,-13,24
73.23,FLYING,FEED,1,rotten,0.86,0.71,11.4,LIKED,91,-19,-7,-10,-11,24
73.29,FLYING,FEED,1,rotten,0.88,0.94,11.8,LIKED,91,-17,-7,-10,-10,24
73.36,FLYING,FEED,1,rotten,0.48,0.82,12.1,LIKED,91,-13,-7,-10,-8,24
73.42,FLYING,FEED,1,rotten,0.76,0.93,12.3,LIKED,91,-10,-7,-10,-6,24
73.48,FLYING,FEED,1,rotten,0.86,0.88,12.8,LIKED,90,-6,-7,-10,-3,24
73.55,FLYING,FEED,1,freshripe,0.89,0.72,13.5,LIKED,90,-3,-7,-10,-1,24
73.61,FLYING,FEED,1,rotten,0.44,0.59,14.0,LIKED,90,1,-7,-10,0,24
73.67,FLYING,FEED,1,freshripe,0.91,0.93,14.7,LIKED,89,5,-7,-10,3,24
73.74,FLYING,FEED,1,freshripe,0.92,0.64,15.6,LIKED,89,9,-7,-10,5,24
73.80,FLYING,FEED,1,freshripe,0.88,0.80,15.8,LIKED,89,12,-7,-10,7,24
73.86,FLYING,FEED,1,freshripe,0.89,0.90,16.5,LIKED,88,16,-7,-10,9,24
73.93,FLYING,FEED,1,freshripe,0.91,0.61,16.5,LIKED,88,19,-7,-10,11,24
73.99,FLYING,FEED,1,freshripe,0.90,0.83,15.5,LIKED,88,21,-7,-11,12,24
74.05,FLYING,FEED,1,freshripe,0.91,0.72,14.6,LIKED,87,22,-7,-11,13,24
74.12,FLYING,FEED,1,rotten,0.88,0.73,14.0,LIKED,87,23,-7,-11,14,24
74.18,FLYING,FEED,1,rotten,0.90,0.68,13.5,LIKED,87,23,-7,-11,14,24
74.24,FLYING,FEED,1,rotten,0.88,0.93,13.1,LIKED,86,24,-7,-12,14,23
74.31,FLYING,FEED,1,rotten,0.88,0.97,13.1,LIKED,86,24,-7,-12,14,23
74.37,FLYING,FEED,1,rotten,0.90,0.95,13.5,LIKED,86,24,-7,-13,14,23
74.43,FLYING,FEED,1,rotten,0.89,0.56,14.1,LIKED,85,24,-7,-14,14,23
74.50,FLYING,FEED,1,rotten,0.88,0.79,14.8,LIKED,85,24,-7,-14,14,23
74.56,FLYING,FEED,1,rotten,0.81,0.78,15.4,LIKED,85,24,-7,-15,14,23
74.62,FLYING,FEED,1,rotten,0.90,0.72,15.7,LIKED,85,24,-7,-15,14,23
74.69,FLYING,FEED,1,rotten,0.91,0.70,16.5,LIKED,84,24,-7,-16,14,23
74.75,FLYING,FEED,1,rotten,0.88,0.55,17.1,LIKED,84,24,-7,-16,14,23
74.81,FLYING,FEED,1,freshripe,0.88,0.89,17.6,LIKED,84,24,-7,-16,14,23
74.88,FLYING,FEED,1,freshripe,0.89,0.62,18.5,LIKED,83,24,-7,-16,14,23
74.94,FLYING,FEED,1,rotten,0.89,0.85,18.3,LIKED,83,22,-7,-16,13,23
75.00,FLYING,FEED,1,rotten,0.90,0.71,17.2,LIKED,83,18,-7,-16,11,23
75.07,FLYING,FEED,1,freshripe,0.86,0.75,16.9,LIKED,82,14,-7,-16,8,23
75.13,FLYING,FEED,1,rotten,0.84,0.80,16.4,LIKED,82,10,-7,-16,6,23
75.19,FLYING,FEED,1,rotten,0.64,0.68,16.5,LIKED,82,7,-7,-16,4,23
75.26,FLYING,FEED,1,rotten,0.90,0.98,16.1,LIKED,81,2,-7,-16,1,23
75.32,FLYING,FEED,1,rotten,0.72,0.99,16.1,LIKED,81,-3,-7,-16,-1,23
75.38,FLYING,FEED,1,rotten,0.84,0.98,16.1,LIKED,81,-9,-7,-16,-5,23
75.45,FLYING,FEED,1,rotten,0.90,0.99,16.2,LIKED,80,-14,-7,-16,-8,23
75.51,FLYING,FEED,1,rotten,0.86,0.99,14.4,LIKED,80,-18,-7,-16,-10,23
75.57,FLYING,FEED,1,rotten,0.56,1.00,11.7,LIKED,80,-20,-7,-16,-12,23
75.63,FLYING,FEED,1,rotten,0.28,0.99,9.5,LIKED,79,-22,-7,-16,-13,23
75.70,FLYING,FEED,1,,,,,LIKED,79,-14,-5,-10,-8,23
75.79,FLYING,FEED,2,rotten,0.41,0.95,4.3,LIKED,79,-18,-1,-11,-10,23
75.85,FLYING,FEED,1,rotten,0.35,0.97,2.7,LIKED,79,-20,1,-10,-12,23
75.95,FLYING,FEED,2,rotten,0.50,0.95,2.1,LIKED,78,-22,3,-10,-13,23
76.01,FLYING,FEED,1,rotten,0.33,0.68,1.7,LIKED,78,-23,5,-10,-13,23
76.07,FLYING,FEED,1,,,,,LIKED,78,-15,3,-6,-9,23
76.14,FLYING,FEED,1,freshripe,0.22,0.57,1.2,LIKED,78,-18,5,-8,-11,23
76.20,FLYING,FEED,1,freshripe,0.27,0.65,1.2,LIKED,77,-20,6,-9,-12,23
76.23,FLYING,FEED,0,,,,,LIKED,77,-13,3,-5,-8,23
76.26,FLYING,FEED,0,,,,,LIKED,77,-8,2,-3,-5,23
76.30,FLYING,FEED,0,,,,,LIKED,77,-5,1,-2,-3,23
76.33,FLYING,FEED,0,,,,,LIKED,77,-3,1,-1,-2,23
76.36,FLYING,FEED,0,,,,,LIKED,77,-2,0,-1,-1,23
76.43,FLYING,FEED,1,rotten,0.33,0.74,1.3,LIKED,77,-10,3,-4,-6,23
76.46,FLYING,FEED,0,,,,,LIKED,77,-6,2,-3,-4,23
76.52,FLYING,FEED,1,rotten,0.33,0.69,1.6,LIKED,77,-13,4,-6,-7,23
76.58,FLYING,FEED,1,,,,,LIKED,77,-8,2,-4,-5,23
76.65,FLYING,FEED,1,,,,,LIKED,77,-5,1,-2,-3,23
76.68,FLYING,FEED,0,,,,,LIKED,77,-3,1,-1,-2,23
76.74,FLYING,FEED,1,rotten,0.43,0.98,2.0,LIKED,76,-11,3,-7,-6,23
76.81,FLYING,FEED,1,freshripe,0.29,0.77,2.1,LIKED,76,-15,5,-10,-9,23
76.87,FLYING,FEED,1,rotten,0.48,0.67,2.3,LIKED,76,-19,6,-14,-11,23
76.93,FLYING,FEED,1,rotten,0.35,0.71,2.4,LIKED,75,-21,6,-16,-12,23
77.00,FLYING,FEED,1,freshripe,0.59,0.79,2.5,LIKED,75,-22,7,-17,-13,23
77.06,FLYING,FEED,1,freshripe,0.49,0.66,2.6,LIKED,75,-23,7,-18,-14,23
77.12,FLYING,FEED,1,rotten,0.58,0.54,2.7,LIKED,74,-23,7,-18,-14,23
77.18,FLYING,FEED,1,rotten,0.60,0.92,2.6,LIKED,74,-24,7,-19,-14,23
77.25,FLYING,FEED,1,freshripe,0.63,0.59,2.8,LIKED,74,-24,7,-19,-14,23
77.31,FLYING,FEED,1,rotten,0.62,0.89,3.0,LIKED,73,-24,7,-19,-14,23
77.37,FLYING,FEED,1,rotten,0.83,0.65,3.3,LIKED,73,-24,7,-19,-14,23
77.43,FLYING,FEED,1,rotten,0.78,0.94,3.8,LIKED,73,-24,6,-19,-14,23
77.50,FLYING,FEED,1,freshripe,0.81,0.52,4.5,LIKED,73,-24,5,-19,-14,23
77.56,FLYING,FEED,1,rotten,0.80,0.80,4.9,LIKED,72,-24,3,-19,-14,23
77.62,FLYING,FEED,1,rotten,0.81,0.77,5.9,LIKED,72,-24,2,-19,-14,23
77.69,FLYING,FEED,1,rotten,0.83,0.98,7.2,LIKED,72,-24,1,-19,-14,23
77.75,FLYING,FEED,1,rotten,0.86,0.96,8.8,LIKED,71,-24,-1,-19,-14,23
77.81,FLYING,FEED,1,rotten,0.86,0.70,10.7,LIKED,71,-24,-3,-19,-14,23
77.87,FLYING,FEED,1,rotten,0.84,0.97,12.9,LIKED,71,-24,-5,-18,-14,23
77.94,FLYING,FEED,1,rotten,0.70,0.54,15.6,LIKED,70,-24,-6,-17,-14,23
78.00,FLYING,FEED,1,freshripe,0.68,0.66,24.4,LIKED,70,-24,-6,-16,-14,23
78.06,FLYING,FEED,1,rotten,0.58,0.53,32.4,LIKED,70,-21,-7,-15,-12,23
78.10,FLYING,FEED,0,,,,,LIKED,70,-13,-4,-10,-8,23
78.16,FLYING,FEED,1,freshripe,0.68,0.43,50.3,LIKED,69,-7,-5,-10,-4,23
78.22,FLYING,FEED,1,freshripe,0.82,0.69,50.1,LIKED,69,-2,-6,-10,-1,23
78.25,FLYING,FEED,0,,,,,LIKED,69,-1,-4,-7,-1,22
78.29,FLYING,FEED,0,,,,,LIKED,69,-1,-2,-4,0,22
78.32,FLYING,FEED,0,,,,,LIKED,69,0,-1,-2,0,22
78.35,FLYING,FEED,0,,,,,LIKED,69,0,-1,-1,0,22
78.39,FLYING,FEED,0,,,,,LIKED,69,0,0,-1,0,22
78.42,FLYING,FEED,0,,,,,LIKED,69,0,0,0,0,22
78.48,FLYING,FEED,1,,,,,LIKED,69,0,0,0,0,22
78.51,FLYING,FEED,0,,,,,LIKED,69,0,0,0,0,22
78.55,FLYING,FEED,0,,,,,LIKED,69,0,0,0,0,22
78.58,FLYING,FEED,0,,,,,LIKED,69,0,0,0,0,22
78.61,FLYING,FEED,0,,,,,LIKED,69,0,0,0,0,22
78.64,FLYING,FEED,0,,,,,LIKED,69,0,0,0,0,22
78.68,FLYING,FEED,0,,,,,LIKED,69,0,0,0,0,22
78.71,FLYING,FEED,0,,,,,LIKED,69,0,0,0,0,22
78.74,FLYING,SEARCH,0,,,,,LIKED,69,0,0,0,0,22
78.77,FLYING,SEARCH,0,,,,,LIKED,69,0,0,0,2,22
78.80,FLYING,SEARCH,0,,,,,LIKED,69,0,0,0,4,22
78.84,FLYING,SEARCH,0,,,,,LIKED,69,0,0,0,5,22
78.87,FLYING,SEARCH,0,,,,,LIKED,69,0,0,0,6,22
78.90,FLYING,SEARCH,0,,,,,LIKED,69,0,0,0,7,22
78.93,FLYING,SEARCH,0,,,,,LIKED,69,0,0,0,7,22
78.96,FLYING,SEARCH,0,,,,,LIKED,69,0,0,0,4,22
79.00,FLYING,SEARCH,0,,,,,LIKED,69,0,0,0,3,22
79.03,FLYING,SEARCH,0,,,,,LIKED,69,0,0,0,2,22
79.06,FLYING,SEARCH,0,,,,,LIKED,69,0,0,0,1,22
79.09,FLYING,SEARCH,0,,,,,LIKED,69,0,0,0,0,22
79.13,FLYING,SEARCH,0,,,,,LIKED,69,0,0,0,0,22
79.16,FLYING,SEARCH,0,,,,,LIKED,69,0,0,0,0,22
79.19,FLYING,SEARCH,0,,,,,LIKED,69,0,0,0,0,22
79.22,FLYING,SEARCH,0,,,,,LIKED,69,0,0,0,0,22
79.26,FLYING,SEARCH,0,,,,,LIKED,69,0,0,0,0,22
79.29,FLYING,SEARCH,0,,,,,LIKED,69,0,0,0,0,22
79.32,FLYING,SEARCH,0,,,,,LIKED,69,0,0,0,0,22
79.35,FLYING,SEARCH,0,,,,,LIKED,69,0,0,0,0,22
79.39,FLYING,SEARCH,0,,,,,LIKED,69,0,0,0,0,22
79.42,FLYING,SEARCH,0,,,,,LIKED,69,0,0,0,0,22
79.45,FLYING,SEARCH,0,,,,,LIKED,69,0,0,0,0,22
79.48,FLYING,SEARCH,0,,,,,LIKED,69,0,0,0,0,22
79.52,FLYING,SEARCH,0,,,,,LIKED,69,0,0,0,0,22
79.55,FLYING,SEARCH,0,,,,,LIKED,69,0,0,0,0,22
79.58,FLYING,SEARCH,0,,,,,LIKED,69,0,0,0,0,22
79.61,FLYING,SEARCH,0,,,,,LIKED,69,0,0,0,0,22
79.64,FLYING,SEARCH,0,,,,,LIKED,69,0,0,0,0,22
79.68,FLYING,SEARCH,0,,,,,LIKED,69,0,0,0,0,22
79.71,FLYING,SEARCH,0,,,,,LIKED,69,0,0,0,0,22
79.74,FLYING,SEARCH,0,,,,,LIKED,69,0,0,0,0,22
79.77,FLYING,SEARCH,0,,,,,LIKED,69,0,0,0,0,22
79.80,FLYING,SEARCH,0,,,,,LIKED,69,0,0,0,0,22
79.84,FLYING,SEARCH,0,,,,,LIKED,69,0,0,0,0,22
79.87,FLYING,SEARCH,0,,,,,LIKED,69,0,0,0,0,22
79.90,FLYING,SEARCH,0,,,,,LIKED,69,0,0,0,0,22
79.93,FLYING,SEARCH,0,,,,,LIKED,69,0,0,0,0,22
79.96,FLYING,SEARCH,0,,,,,LIKED,69,0,0,0,0,22
80.00,FLYING,SEARCH,0,,,,,LIKED,69,0,0,0,0,22
80.03,FLYING,SEARCH,0,,,,,LIKED,69,0,0,0,0,22
80.06,FLYING,SEARCH,0,,,,,LIKED,69,0,0,0,0,22
80.09,FLYING,SEARCH,0,,,,,LIKED,69,0,0,0,0,22
80.13,FLYING,SEARCH,0,,,,,LIKED,69,0,0,0,0,22
80.16,FLYING,SEARCH,0,,,,,LIKED,69,0,0,0,0,22
80.19,FLYING,SEARCH,0,,,,,LIKED,69,0,0,0,0,22
80.22,FLYING,SEARCH,0,,,,,LIKED,69,0,0,0,0,22
80.26,FLYING,SEARCH,0,,,,,LIKED,69,0,0,0,0,22
80.29,FLYING,SEARCH,0,,,,,LIKED,69,0,0,0,0,22
80.32,FLYING,SEARCH,0,,,,,LIKED,69,0,0,0,0,22
